FID,Shape,TARGET_FID,nitr_ran,lat,long
1636,Point,16380,-1.894772,45.4527,-90.9613
762,Point,7630,-1.836079,44.0216,-88.8459
1822,Point,18240,-1.807664,46.1377,-89.9232
830,Point,8310,-1.69606,44.1697,-88.539
1183,Point,11840,-1.662983,44.6116,-90.1579
1856,Point,18580,-1.627759,46.5911,-90.5746
1373,Point,13740,-1.586732,44.9314,-88.5212
801,Point,8020,-1.563103,44.1117,-88.5237
1076,Point,10770,-1.508055,44.4955,-90.1296
1031,Point,10320,-1.507075,44.4433,-88.2793
1182,Point,11830,-1.474603,44.6108,-89.9287
780,Point,7810,-1.445476,44.0547,-88.5354
1211,Point,12120,-1.425819,44.6427,-89.8812
1638,Point,16400,-1.407632,45.4575,-91.2713
949,Point,9500,-1.391651,44.345,-89.901
1314,Point,13150,-1.388843,44.8675,-88.5462
881,Point,8820,-1.372913,44.2436,-88.4218
1056,Point,10570,-1.365164,44.4728,-88.6762
824,Point,8250,-1.350034,44.1578,-88.5473
726,Point,7270,-1.343801,43.9425,-88.6932
1181,Point,11820,-1.294237,44.6089,-90.1604
903,Point,9040,-1.289399,44.2789,-88.264
1792,Point,17940,-1.280732,46.0108,-89.7207
1092,Point,10930,-1.276344,44.5122,-88.5104
1741,Point,17430,-1.256553,45.8741,-89.2779
968,Point,9690,-1.239071,44.3708,-89.8443
1593,Point,15940,-1.231276,45.3149,-87.9153
852,Point,8530,-1.227036,44.2014,-88.4915
1187,Point,11880,-1.220323,44.6172,-90.179
1861,Point,18630,-1.216259,46.7288,-92.088
1854,Point,18560,-1.19779,46.5644,-91.3874
1118,Point,11190,-1.197387,44.5419,-90.2646
1071,Point,10720,-1.167947,44.4894,-89.914
901,Point,9020,-1.141894,44.275,-88.4696
1228,Point,12290,-1.140272,44.6702,-90.1004
818,Point,8190,-1.115706,44.1455,-88.4926
1467,Point,14680,-1.114533,45.0614,-88.5237
1813,Point,18150,-1.114485,46.0994,-89.9227
1020,Point,10210,-1.112713,44.4311,-88.7095
1809,Point,18110,-1.104095,46.0836,-90.5488
765,Point,7660,-1.103102,44.0264,-88.1179
1220,Point,12210,-1.102923,44.6558,-90.2193
873,Point,8740,-1.09582,44.2325,-88.5487
1753,Point,17550,-1.094993,45.9077,-89.3585
1830,Point,18320,-1.093522,46.1763,-90.5096
1780,Point,17820,-1.067254,45.9827,-89.694
1634,Point,16360,-1.06294,45.448,-91.3777
870,Point,8710,-1.057979,44.2275,-88.4365
769,Point,7700,-1.051434,44.0333,-88.7057
866,Point,8670,-1.050779,44.2211,-88.414
871,Point,8720,-1.040383,44.2286,-88.5198
1043,Point,10440,-1.000994,44.4577,-90.2329
1786,Point,17880,-0.99053,45.9961,-89.6979
731,Point,7320,-0.987072,43.953,-88.8298
1852,Point,18540,-0.977556,46.5319,-92.1119
1161,Point,11620,-0.967905,44.5844,-90.1146
1807,Point,18090,-0.961757,46.0766,-89.5565
1768,Point,17700,-0.960303,45.9497,-89.3726
1170,Point,11710,-0.949351,44.5936,-89.9451
396,Point,3970,-0.948778,43.3322,-87.9056
1840,Point,18420,-0.936556,46.2697,-89.9271
1077,Point,10780,-0.909893,44.4963,-89.8754
1033,Point,10340,-0.892565,44.4453,-88.6832
1858,Point,18600,-0.883035,46.6086,-90.6996
1589,Point,15900,-0.882704,45.3033,-91.161
1120,Point,11210,-0.874265,44.5444,-90.1393
1210,Point,12110,-0.871029,44.6408,-90.1062
978,Point,9790,-0.870706,44.3858,-89.9757
772,Point,7730,-0.85962,44.0366,-88.8073
802,Point,8030,-0.837922,44.1128,-88.6868
1833,Point,18350,-0.833346,46.2,-91.2705
460,Point,4610,-0.830977,43.4203,-88.1651
1012,Point,10130,-0.826883,44.4239,-90.131
711,Point,7120,-0.789394,43.9155,-88.8662
1816,Point,18180,-0.788676,46.1161,-89.4051
1851,Point,18530,-0.771084,46.4988,-90.9032
1729,Point,17310,-0.768259,45.8266,-89.3026
917,Point,9180,-0.759161,44.2977,-90.0199
1014,Point,10150,-0.734371,44.4261,-90.1979
385,Point,3860,-0.725287,43.3208,-88.0054
948,Point,9490,-0.693779,44.3439,-90.1512
1230,Point,12310,-0.682066,44.6741,-90.099
702,Point,7030,-0.675117,43.8958,-88.6476
1084,Point,10850,-0.673322,44.5025,-87.7729
116,Point,1170,-0.665552,42.8353,-88.0065
1172,Point,11730,-0.654217,44.5975,-87.827
940,Point,9410,-0.64298,44.3319,-88.6679
1769,Point,17710,-0.639567,45.9533,-92.0535
1177,Point,11780,-0.627403,44.6036,-88.1345
1645,Point,16470,-0.622573,45.4747,-91.0785
1810,Point,18120,-0.620969,46.0894,-89.8932
1781,Point,17830,-0.619688,45.9838,-89.374
1133,Point,11340,-0.609515,44.5555,-90.0074
461,Point,4620,-0.598234,43.4214,-88.0568
704,Point,7050,-0.590842,43.9016,-88.6932
1733,Point,17350,-0.588422,45.8438,-92.1019
1217,Point,12180,-0.580292,44.653,-90.1307
795,Point,7960,-0.55587,44.0967,-88.1434
753,Point,7540,-0.554712,44.0047,-88.8415
911,Point,9120,-0.547254,44.2878,-88.6368
1387,Point,13880,-0.545914,44.9464,-91.3649
1717,Point,17190,-0.53891,45.7555,-92.2941
1740,Point,17420,-0.511786,45.8722,-91.4177
1647,Point,16490,-0.508842,45.4789,-88.9937
1762,Point,17640,-0.492421,45.9324,-92.5491
1204,Point,12050,-0.47771,44.6339,-90.0098
1784,Point,17860,-0.477559,45.9927,-89.6826
1787,Point,17890,-0.476532,45.998,-89.6954
1174,Point,11750,-0.476094,44.5991,-90.2501
1844,Point,18460,-0.475114,46.3886,-90.7349
1699,Point,17010,-0.468286,45.6583,-88.4557
1055,Point,10560,-0.466344,44.4719,-89.9729
445,Point,4460,-0.457666,43.4008,-88.0856
931,Point,9320,-0.456622,44.3167,-88.5973
1783,Point,17850,-0.441803,45.9874,-89.6943
464,Point,4650,-0.433943,43.4258,-88.1743
1849,Point,18510,-0.430941,46.4441,-90.8607
998,Point,9990,-0.428001,44.4097,-88.6232
856,Point,8570,-0.42505,44.208,-88.4862
1667,Point,16690,-0.42451,45.5136,-89.576
1196,Point,11970,-0.421163,44.6269,-90.219
897,Point,8980,-0.418414,44.2692,-88.3257
1850,Point,18520,-0.417804,46.4716,-90.5085
924,Point,9250,-0.415527,44.3058,-90.0248
961,Point,9620,-0.404846,44.3602,-89.7937
1715,Point,17170,-0.403675,45.7441,-91.9205
1724,Point,17260,-0.387101,45.8036,-91.9127
1093,Point,10940,-0.385016,44.5127,-90.244
1808,Point,18100,-0.364894,46.0791,-89.7071
96,Point,970,-0.363787,42.7742,-88.114
1703,Point,17050,-0.356221,45.6736,-88.9979
925,Point,9260,-0.35617,44.3077,-89.9835
1203,Point,12040,-0.346304,44.6327,-90.0987
1105,Point,11060,-0.343835,44.5291,-90.1407
1828,Point,18300,-0.343161,46.1586,-89.511
1022,Point,10230,-0.329662,44.4344,-89.7948
355,Point,3560,-0.319293,43.2783,-87.9959
1825,Point,18270,-0.314544,46.1466,-89.579
759,Point,7600,-0.313562,44.0183,-88.769
1107,Point,11080,-0.299628,44.5308,-88.7301
783,Point,7840,-0.298839,44.0622,-88.8054
851,Point,8520,-0.291997,44.2003,-88.4923
1173,Point,11740,-0.289215,44.5983,-90.261
848,Point,8490,-0.279495,44.1978,-88.4482
788,Point,7890,-0.256817,44.0728,-88.5357
1712,Point,17140,-0.254876,45.7232,-91.8848
1797,Point,17990,-0.252619,46.0286,-90.1552
822,Point,8230,-0.250967,44.1553,-88.5765
1087,Point,10880,-0.23103,44.5061,-90.2251
738,Point,7390,-0.225219,43.9678,-88.8507
829,Point,8300,-0.222504,44.168,-88.4965
1156,Point,11570,-0.220187,44.5797,-90.1187
947,Point,9480,-0.214159,44.343,-88.6504
1232,Point,12330,-0.200234,44.6772,-90.1146
970,Point,9710,-0.199794,44.3728,-88.5873
1711,Point,17130,-0.195171,45.7166,-90.7279
857,Point,8580,-0.189192,44.21,-88.8337
337,Point,3380,-0.169538,43.2411,-88.067
900,Point,9010,-0.164977,44.273,-88.5982
1351,Point,13520,-0.162782,44.9094,-88.577
1723,Point,17250,-0.147915,45.7975,-92.6974
758,Point,7590,-0.147778,44.0164,-88.5371
1789,Point,17910,-0.145009,46.0011,-89.3237
102,Point,1030,-0.143082,42.7961,-88.089
1838,Point,18400,-0.138923,46.2402,-89.8913
448,Point,4490,-0.138412,43.4044,-88.0112
1706,Point,17080,-0.13101,45.6875,-92.1043
1805,Point,18070,-0.130002,46.07,-89.5318
1140,Point,11410,-0.128097,44.5633,-88.4623
1857,Point,18590,-0.115008,46.6005,-90.8713
1705,Point,17070,-0.113398,45.6833,-92.7441
1057,Point,10580,-0.112436,44.4736,-87.8676
1646,Point,16480,-0.109046,45.4764,-91.2193
1073,Point,10740,-0.103812,44.4925,-88.2421
1651,Point,16530,-0.097548,45.4819,-88.9129
1694,Point,16960,-0.096084,45.635,-91.196
971,Point,9720,-0.09529,44.3741,-89.7671
1758,Point,17600,-0.093215,45.9219,-92.0952
1149,Point,11500,-0.089999,44.5719,-90.026
1108,Point,11090,-0.085743,44.5322,-87.8054
850,Point,8510,-0.084018,44.1992,-88.6518
1165,Point,11660,-0.083912,44.5883,-88.3973
314,Point,3150,-0.076481,43.2078,-88.1901
936,Point,9370,-0.069213,44.3267,-88.537
100,Point,1010,-0.067953,42.7856,-87.9976
1121,Point,11220,-0.065607,44.5458,-88.5882
77,Point,780,-0.055783,42.7106,-87.9029
1714,Point,17160,-0.05001,45.7388,-89.7474
1621,Point,16230,-0.045764,45.4094,-90.2963
1831,Point,18330,-0.04403,46.1858,-89.8946
973,Point,9740,-0.042332,44.3786,-87.9262
1664,Point,16660,-0.038495,45.508,-88.8521
1668,Point,16700,-0.038492,45.5158,-88.7651
1795,Point,17970,-0.031813,46.0211,-92.2644
922,Point,9230,-0.031394,44.3019,-90.1124
928,Point,9290,-0.027331,44.3128,-87.9437
943,Point,9440,-0.01107,44.3372,-89.7782
224,Point,2250,-0.008641,43.087,-88.077
966,Point,9670,0.002089,44.3686,-89.8843
918,Point,9190,0.010287,44.2992,-87.9909
650,Point,6510,0.011517,43.7803,-88.4493
1788,Point,17900,0.018897,45.9997,-89.7065
1620,Point,16220,0.024361,45.4077,-90.9671
1745,Point,17470,0.024553,45.885,-91.2399
1047,Point,10480,0.025234,44.4625,-90.1815
1739,Point,17410,0.026685,45.8702,-89.7085
1064,Point,10650,0.028213,44.4822,-89.7796
1417,Point,14180,0.029244,44.9861,-88.6043
351,Point,3520,0.029593,43.2681,-87.9104
1229,Point,12300,0.036344,44.6716,-89.9754
1067,Point,10680,0.043031,44.4864,-90.0807
216,Point,2170,0.045297,43.0767,-88.0834
950,Point,9510,0.064087,44.3464,-88.6743
1718,Point,17200,0.067549,45.7694,-90.7529
997,Point,9980,0.073814,44.4089,-88.567
838,Point,8390,0.075257,44.1844,-88.5321
836,Point,8370,0.075842,44.1811,-88.5115
959,Point,9600,0.078845,44.3577,-89.8043
1785,Point,17870,0.080242,45.995,-89.5154
600,Point,6010,0.090836,43.6519,-88.7104
1335,Point,13360,0.091157,44.8917,-87.8779
934,Point,9350,0.093625,44.3214,-88.6337
1835,Point,18370,0.096939,46.2191,-89.7599
1775,Point,17770,0.100573,45.9716,-91.3574
784,Point,7850,0.101313,44.0639,-88.8376
1764,Point,17660,0.105741,45.9391,-89.1554
1150,Point,11510,0.106023,44.5733,-89.986
80,Point,810,0.128227,42.7234,-87.9656
979,Point,9800,0.129101,44.3867,-88.1904
1821,Point,18230,0.130638,46.1344,-90.9418
760,Point,7610,0.131537,44.0191,-88.5604
1138,Point,11390,0.137756,44.56,-88.5365
910,Point,9110,0.142032,44.2864,-88.1026
1089,Point,10900,0.142518,44.5097,-88.1598
1695,Point,16970,0.142675,45.6464,-88.9037
1732,Point,17340,0.147859,45.8383,-92.3757
833,Point,8340,0.149406,44.1764,-88.4487
1339,Point,13400,0.15127,44.8955,-88.649
1702,Point,17040,0.15432,45.6683,-91.244
1079,Point,10800,0.154374,44.4978,-88.194
1855,Point,18570,0.155111,46.5833,-91.5799
1041,Point,10420,0.158812,44.4555,-88.109
317,Point,3180,0.163363,43.2114,-88.0579
763,Point,7640,0.165743,44.0236,-88.5537
756,Point,7570,0.170711,44.0108,-88.7029
1776,Point,17780,0.191319,45.9727,-89.724
1677,Point,16790,0.202328,45.5408,-88.834
921,Point,9220,0.204147,44.3014,-87.9487
1726,Point,17280,0.214529,45.8169,-91.0104
1132,Point,11330,0.214864,44.555,-90.1176
1752,Point,17540,0.228759,45.9038,-88.9748
819,Point,8200,0.234037,44.1486,-88.6062
1843,Point,18450,0.240242,46.3858,-90.6057
1337,Point,13380,0.249516,44.8939,-88.6245
1839,Point,18410,0.25281,46.2458,-89.799
1661,Point,16630,0.262608,45.5005,-91.4582
1062,Point,10630,0.26264,44.48,-89.9568
1730,Point,17320,0.263812,45.8325,-91.5557
1803,Point,18050,0.267757,46.0625,-89.5574
1655,Point,16570,0.272351,45.485,-88.9734
616,Point,6170,0.27282,43.6936,-88.8162
1848,Point,18500,0.276873,46.4205,-91.4607
890,Point,8910,0.279335,44.2567,-88.4334
1106,Point,11070,0.29367,44.53,-90.0715
133,Point,1340,0.293931,42.9106,-88.1762
1159,Point,11600,0.305019,44.5833,-87.8359
810,Point,8110,0.313378,44.1258,-88.7665
1614,Point,16160,0.32198,45.3916,-88.639
446,Point,4470,0.32345,43.4019,-87.8993
172,Point,1730,0.325063,43.0128,-87.9242
862,Point,8630,0.328725,44.2147,-88.5034
1860,Point,18620,0.335943,46.6505,-91.9991
896,Point,8970,0.346038,44.2675,-87.9804
1236,Point,12370,0.346369,44.685,-90.2321
975,Point,9760,0.349206,44.3811,-90.1143
332,Point,3330,0.351058,43.2336,-87.9943
424,Point,4250,0.363003,43.3714,-88.3351
1691,Point,16930,0.363417,45.6069,-91.1946
262,Point,2630,0.372677,43.145,-88.1645
168,Point,1690,0.373408,43.0072,-87.9623
657,Point,6580,0.373481,43.7889,-88.3834
1671,Point,16730,0.378031,45.5233,-91.096
1748,Point,17500,0.383635,45.8916,-92.1844
1629,Point,16310,0.38412,45.4361,-88.7918
1224,Point,12250,0.395236,44.663,-90.1326
994,Point,9950,0.403262,44.405,-88.0251
1114,Point,11150,0.405284,44.5392,-87.9101
755,Point,7560,0.407661,44.0091,-88.844
323,Point,3240,0.415085,43.2195,-87.9918
799,Point,8000,0.421025,44.1078,-88.5326
872,Point,8730,0.423247,44.2305,-88.5032
960,Point,9610,0.423887,44.3589,-88.7293
1024,Point,10250,0.4467,44.4372,-87.782
1137,Point,11380,0.449153,44.5591,-89.9835
1698,Point,17000,0.451548,45.6572,-90.741
1755,Point,17570,0.452234,45.9119,-90.6579
299,Point,3000,0.456669,43.1858,-87.979
467,Point,4680,0.461772,43.43,-88.1607
1109,Point,11100,0.465024,44.5333,-88.1334
151,Point,1520,0.469399,42.9651,-88.3524
68,Point,690,0.482592,42.6828,-88.2351
265,Point,2660,0.485366,43.1478,-88.2179
333,Point,3340,0.485701,43.2356,-87.9823
945,Point,9460,0.488995,44.3411,-87.8187
1782,Point,17840,0.498925,45.9861,-89.6771
937,Point,9380,0.500664,44.3272,-87.9195
965,Point,9660,0.509763,44.3672,-89.7801
932,Point,9330,0.511156,44.318,-90.0257
1720,Point,17220,0.513943,45.7833,-90.8871
1030,Point,10310,0.519273,44.4425,-87.8345
1756,Point,17580,0.521557,45.915,-89.2407
1652,Point,16540,0.523807,45.4827,-89.0148
1088,Point,10890,0.524979,44.5583,-87.8445
790,Point,7910,0.527499,44.0761,-88.5262
1051,Point,10520,0.537865,44.4675,-90.0162
1845,Point,18470,0.538213,46.393,-90.7607
768,Point,7690,0.538852,44.0325,-88.5851
1834,Point,18360,0.545383,46.2111,-89.6924
1817,Point,18190,0.548075,46.1197,-89.8488
1670,Point,16720,0.552927,45.5216,-90.9268
457,Point,4580,0.554798,43.4158,-88.0156
1743,Point,17450,0.557642,45.8802,-92.6052
721,Point,7220,0.560344,43.9322,-88.8746
1862,Point,18640,0.563904,46.8088,-90.816
1791,Point,17930,0.567689,46.008,-90.1402
1751,Point,17530,0.568048,45.9013,-89.4601
220,Point,2210,0.57178,43.0822,-88.4495
1081,Point,10820,0.57896,44.4992,-87.9073
140,Point,1410,0.57995,42.9342,-88.4062
617,Point,6180,0.583486,43.6961,-88.7301
1130,Point,11310,0.586054,44.5542,-88.1582
171,Point,1720,0.590621,43.0114,-88.0426
270,Point,2710,0.591614,43.1517,-88.1865
884,Point,8850,0.59488,44.25,-89.9635
402,Point,4030,0.596817,43.3394,-88.2676
1191,Point,11920,0.599102,44.6214,-87.8034
1003,Point,10040,0.599964,44.4153,-88.1034
823,Point,8240,0.600842,44.1561,-88.5437
1673,Point,16750,0.601443,45.5283,-92.2846
1042,Point,10430,0.604157,44.4575,-87.8148
1617,Point,16190,0.611258,45.4005,-88.7298
206,Point,2070,0.615866,43.0575,-88.3712
1697,Point,16990,0.620504,45.655,-92.7724
1533,Point,15340,0.629589,45.1777,-89.7262
511,Point,5120,0.63939,43.4892,-88.0273
967,Point,9680,0.644409,44.37,-88.1373
109,Point,1100,0.648004,42.8161,-88.0326
1679,Point,16810,0.654336,45.5469,-88.6537
1194,Point,11950,0.658501,44.6258,-90.061
1534,Point,15350,0.661782,45.1794,-89.6635
334,Point,3350,0.66402,43.2369,-87.9898
410,Point,4110,0.665936,43.3514,-88.1043
1736,Point,17380,0.670633,45.8555,-89.6815
1847,Point,18490,0.670788,46.4094,-90.5718
718,Point,7190,0.688884,43.9269,-88.8846
141,Point,1420,0.691853,42.9361,-88.0318
1742,Point,17440,0.691909,45.8769,-92.3702
122,Point,1230,0.70932,42.8656,-88.4929
1035,Point,10360,0.711345,44.4492,-88.0604
724,Point,7250,0.71445,43.9369,-88.1232
951,Point,9520,0.717173,44.3469,-90.3126
620,Point,6210,0.728994,43.7036,-88.8482
1039,Point,10400,0.72941,44.453,-88.0901
1128,Point,11290,0.732861,44.5533,-87.8543
1713,Point,17150,0.733215,45.7319,-88.7693
611,Point,6120,0.735716,43.6775,-87.8826
1097,Point,10980,0.74849,44.5186,-87.884
67,Point,680,0.750251,42.6812,-88.3004
453,Point,4540,0.756821,43.4114,-88.0787
1824,Point,18260,0.758045,46.1427,-90.5893
1837,Point,18390,0.761283,46.2283,-89.7213
1771,Point,17730,0.762958,45.9597,-89.8218
301,Point,3020,0.764033,43.1886,-88.1729
1709,Point,17110,0.772762,45.7041,-92.7913
184,Point,1850,0.774484,43.0289,-88.1115
341,Point,3420,0.777845,43.2489,-87.9287
974,Point,9750,0.78004,44.3803,-88.7262
1070,Point,10710,0.780391,44.4889,-88.1293
1169,Point,11700,0.795156,44.5922,-88.1184
1778,Point,17800,0.799597,45.9783,-89.6874
454,Point,4550,0.802083,43.4122,-87.9006
1859,Point,18610,0.805137,46.6191,-91.7202
583,Point,5840,0.808302,43.6188,-88.0378
1168,Point,11690,0.809281,44.5911,-87.8332
1819,Point,18210,0.811127,46.1269,-92.181
1846,Point,18480,0.813657,46.4013,-90.5668
1779,Point,17810,0.814941,45.9811,-89.6732
845,Point,8460,0.816647,44.1944,-88.4848
1126,Point,11270,0.822738,44.5517,-88.1493
1028,Point,10290,0.823442,44.4405,-88.5854
895,Point,8960,0.82882,44.2658,-89.7765
837,Point,8380,0.830116,44.1825,-88.6548
241,Point,2420,0.834651,43.1133,-88.2212
1006,Point,10070,0.836601,44.4183,-88.1701
462,Point,4630,0.841817,43.4233,-88.8984
1721,Point,17230,0.842012,45.7897,-89.5735
1683,Point,16850,0.845652,45.5641,-88.9129
1669,Point,16710,0.84727,45.5177,-89.566
1152,Point,11530,0.847394,44.575,-87.8765
1068,Point,10690,0.848451,44.4872,-87.8801
162,Point,1630,0.852448,42.9964,-87.9429
1164,Point,11650,0.853425,44.5872,-87.8929
1641,Point,16430,0.853737,45.4669,-88.9054
305,Point,3060,0.854913,43.1933,-88.1101
181,Point,1820,0.864979,43.0253,-87.9109
1746,Point,17480,0.867864,45.8874,-92.1032
1829,Point,18310,0.867957,46.1633,-90.0602
1747,Point,17490,0.868393,45.8891,-91.2677
501,Point,5020,0.870031,43.4739,-87.9948
143,Point,1440,0.880407,42.9411,-88.0598
579,Point,5800,0.886755,43.6122,-88.0837
782,Point,7830,0.89252,44.0597,-88.1423
1774,Point,17760,0.894219,45.9694,-92.0616
245,Point,2460,0.897605,43.1186,-88.0373
1826,Point,18280,0.901119,46.1516,-92.1427
1814,Point,18160,0.901546,46.1055,-89.7849
1125,Point,11260,0.901571,44.55,-88.0457
892,Point,8930,0.902972,44.2586,-88.0915
470,Point,4710,0.904527,43.4339,-88.1898
944,Point,9450,0.907155,44.3386,-88.0865
384,Point,3850,0.911564,43.3192,-88.3365
638,Point,6390,0.9123,43.7489,-88.4584
1689,Point,16910,0.913133,45.5841,-88.994
969,Point,9700,0.913333,44.3719,-88.7309
1032,Point,10330,0.91643,44.4441,-90.1312
1760,Point,17620,0.919569,45.928,-91.3791
1657,Point,16590,0.934929,45.488,-91.0718
923,Point,9240,0.938356,44.3044,-88.0295
401,Point,4020,0.949578,43.3383,-88.1818
469,Point,4700,0.954447,43.4325,-88.8762
1804,Point,18060,0.956579,46.0666,-92.2374
280,Point,2810,0.96012,43.162,-88.1848
1761,Point,17630,0.961722,45.9308,-89.4424
1227,Point,12280,0.964428,44.6694,-90.1399
1110,Point,11110,0.973689,44.5339,-87.8787
494,Point,4950,0.985659,43.4658,-88.0612
90,Point,910,0.987702,42.7536,-88.0176
770,Point,7710,0.990315,44.0344,-88.8526
869,Point,8700,0.99244,44.2258,-88.4751
1179,Point,11800,0.997461,44.6064,-88.0401
1178,Point,11790,1.002877,44.6044,-87.7854
634,Point,6350,1.006148,43.7414,-88.1895
1767,Point,17690,1.014955,45.9458,-92.5299
1827,Point,18290,1.01532,46.1555,-89.7513
1777,Point,17790,1.021963,45.9747,-89.6882
778,Point,7790,1.024558,44.0505,-88.6301
437,Point,4380,1.031868,43.3894,-88.1601
498,Point,4990,1.034707,43.4703,-87.9473
941,Point,9420,1.036263,44.3344,-89.8799
426,Point,4270,1.036475,43.3739,-87.9029
1037,Point,10380,1.04539,44.4514,-87.9137
306,Point,3070,1.05114,43.1942,-88.0995
1648,Point,16500,1.053904,45.4797,-88.9943
927,Point,9280,1.054664,44.3114,-88.0815
325,Point,3260,1.057482,43.222,-88.1726
1766,Point,17680,1.0627,45.9433,-92.0577
996,Point,9970,1.065935,44.4078,-87.8257
1616,Point,16180,1.06899,45.3972,-88.8537
1538,Point,15390,1.071318,45.1861,-87.1218
249,Point,2500,1.07415,43.1245,-88.1776
1832,Point,18340,1.074484,46.1916,-91.3627
1735,Point,17370,1.075026,45.8505,-92.7235
1676,Point,16780,1.081867,45.5375,-88.936
715,Point,7160,1.08962,43.9219,-88.277
757,Point,7580,1.095187,44.0133,-88.5348
502,Point,5030,1.101272,43.4747,-88.882
1354,Point,13550,1.101992,44.9125,-88.6487
1666,Point,16680,1.104622,45.5122,-91.3727
1799,Point,18010,1.104946,46.0383,-88.9974
843,Point,8440,1.107159,44.1925,-88.4829
990,Point,9910,1.113569,44.3992,-87.9359
865,Point,8660,1.114502,44.2197,-88.7876
775,Point,7760,1.119879,44.0428,-88.8526
1798,Point,18000,1.120711,46.0341,-92.211
1199,Point,12000,1.120871,44.6291,-90.0079
1812,Point,18140,1.12718,46.0947,-89.0793
1656,Point,16580,1.129097,45.4861,-88.9687
369,Point,3700,1.135201,43.3033,-88.3023
1136,Point,11370,1.144233,44.5583,-90.2599
174,Point,1750,1.146561,43.015,-88.4495
1823,Point,18250,1.147925,46.1405,-89.2913
596,Point,5970,1.167274,43.6397,-88.4207
887,Point,8880,1.174668,44.2542,-88.3237
434,Point,4350,1.182008,43.3872,-88.2687
1696,Point,16980,1.183316,45.6516,-92.8588
645,Point,6460,1.186761,43.7711,-88.4615
199,Point,2000,1.189377,43.047,-88.0548
1189,Point,11900,1.191937,44.6192,-87.804
930,Point,9310,1.192385,44.315,-88.1854
227,Point,2280,1.193998,43.0914,-88.1976
1770,Point,17720,1.196386,45.9566,-89.574
257,Point,2580,1.197073,43.137,-88.1859
1602,Point,16040,1.201109,45.3514,-92.6166
1836,Point,18380,1.201928,46.2255,-89.8324
1059,Point,10600,1.203932,44.4758,-88.1634
1019,Point,10200,1.211045,44.4305,-88.4068
1749,Point,17510,1.213077,45.895,-92.553
1731,Point,17330,1.213704,45.8372,-92.0816
1793,Point,17950,1.217068,46.0125,-89.6724
239,Point,2400,1.218951,43.1106,-88.5104
509,Point,5100,1.220037,43.4853,-88.2301
1665,Point,16670,1.220391,45.5111,-89.5768
182,Point,1830,1.231934,43.0264,-88.3904
1017,Point,10180,1.234341,44.4292,-88.1312
929,Point,9300,1.236814,44.3139,-88.1207
183,Point,1840,1.270833,43.0278,-87.9056
1853,Point,18550,1.272619,46.5397,-90.7318
660,Point,6610,1.276209,43.7922,-88.4846
440,Point,4410,1.276786,43.3933,-88.2451
1127,Point,11280,1.280645,44.5522,-87.8887
1090,Point,10910,1.283157,44.5108,-88.1707
1471,Point,14720,1.283527,45.0694,-87.6665
886,Point,8870,1.28722,44.2533,-87.9682
1167,Point,11680,1.291328,44.5903,-88.1137
888,Point,8890,1.294143,44.255,-87.8965
1508,Point,15090,1.295741,45.1375,-89.7962
796,Point,7970,1.296553,44.0989,-88.1632
105,Point,1060,1.302212,42.8047,-88.1306
1659,Point,16610,1.306848,45.4952,-88.4362
397,Point,3980,1.307261,43.333,-88.9459
222,Point,2230,1.307331,43.0845,-88.1112
1135,Point,11360,1.314473,44.5575,-88.0707
1649,Point,16510,1.335614,45.4802,-88.9954
1157,Point,11580,1.354217,44.5811,-88.1001
363,Point,3640,1.354362,43.2947,-87.909
958,Point,9590,1.354794,44.3564,-88.2521
1820,Point,18220,1.356804,46.13,-89.271
291,Point,2920,1.359318,43.1764,-87.9768
671,Point,6720,1.360834,43.8139,-88.3032
287,Point,2880,1.363659,43.1697,-88.1518
1612,Point,16140,1.373136,45.3864,-91.0104
883,Point,8840,1.375834,44.248,-87.9456
201,Point,2020,1.379737,43.0506,-88.2173
1036,Point,10370,1.384414,44.4503,-87.979
610,Point,6110,1.38699,43.6739,-88.0745
1654,Point,16560,1.388707,45.4841,-88.9812
144,Point,1450,1.393458,42.9456,-88.0459
641,Point,6420,1.398471,43.76,-88.0107
786,Point,7870,1.398497,44.0691,-88.5373
1727,Point,17290,1.399512,45.8199,-92.1991
1700,Point,17020,1.406934,45.66,-88.4473
1096,Point,10970,1.409094,44.5172,-88.7034
1704,Point,17060,1.409423,45.678,-92.7216
320,Point,3210,1.417269,43.2167,-87.9265
656,Point,6570,1.425469,43.7878,-88.449
488,Point,4890,1.43118,43.4578,-88.0056
585,Point,5860,1.442494,43.6193,-88.0356
797,Point,7980,1.443602,44.1025,-88.6534
1653,Point,16550,1.453812,45.4836,-88.9651
1663,Point,16650,1.457586,45.5059,-88.0994
588,Point,5890,1.459746,43.6247,-88.0734
710,Point,7110,1.461448,43.913,-88.7268
358,Point,3590,1.462986,43.2853,-87.9709
627,Point,6280,1.4653,43.723,-87.7387
954,Point,9550,1.467988,44.3522,-87.8312
1672,Point,16740,1.472893,45.5264,-88.9501
165,Point,1660,1.476165,43.0045,-87.9781
842,Point,8430,1.489771,44.1917,-88.7073
114,Point,1150,1.49978,42.8317,-88.2956
486,Point,4870,1.508208,43.4558,-88.167
1595,Point,15960,1.508578,45.3236,-89.631
1085,Point,10860,1.519589,44.5033,-88.0807
1098,Point,10990,1.525526,44.5194,-90.179
1542,Point,15430,1.529918,45.1916,-89.921
159,Point,1600,1.530518,42.987,-88.2281
330,Point,3310,1.539318,43.2292,-87.947
413,Point,4140,1.542988,43.3547,-88.3748
1722,Point,17240,1.548026,45.7941,-92.5588
88,Point,890,1.54871,42.7459,-87.9995
654,Point,6550,1.566536,43.7855,-88.3446
1680,Point,16820,1.571012,45.5525,-88.7093
854,Point,8550,1.571719,44.2044,-88.3393
955,Point,9560,1.577503,44.3536,-87.7887
1728,Point,17300,1.582277,45.8236,-92.553
609,Point,6100,1.601189,43.6708,-88.7946
1790,Point,17920,1.605165,46.0047,-92.1771
1437,Point,14380,1.605633,45.0128,-87.3409
1763,Point,17650,1.619252,45.9366,-89.136
185,Point,1860,1.619591,43.0306,-87.9209
1029,Point,10300,1.623709,44.4419,-87.8356
205,Point,2060,1.624318,43.0567,-88.4765
995,Point,9960,1.625192,44.4061,-87.8882
573,Point,5740,1.625293,43.6003,-88.2895
1063,Point,10640,1.631538,44.4811,-89.7368
1757,Point,17590,1.634542,45.9177,-92.5527
200,Point,2010,1.639462,43.0489,-88.0845
1842,Point,18440,1.642202,46.3572,-90.688
1015,Point,10160,1.644668,44.4278,-87.9276
482,Point,4830,1.649132,43.4505,-88.9357
1644,Point,16460,1.650462,45.4733,-88.9409
186,Point,1870,1.655592,43.032,-88.1967
1737,Point,17390,1.662412,45.8602,-92.4252
321,Point,3220,1.665904,43.2178,-87.9812
218,Point,2190,1.6676,43.0789,-88.0579
1681,Point,16830,1.675083,45.5586,-88.7209
1145,Point,11460,1.676794,44.5675,-87.847
1642,Point,16440,1.678032,45.4686,-88.6626
89,Point,900,1.679576,42.7503,-87.8556
487,Point,4880,1.687513,43.4569,-88.904
1148,Point,11490,1.68911,44.57,-90.0507
197,Point,1980,1.697543,43.0445,-88.0706
213,Point,2140,1.699201,43.0711,-88.4443
452,Point,4530,1.700179,43.4106,-88.194
264,Point,2650,1.703423,43.147,-88.244
607,Point,6080,1.706282,43.6664,-88.8182
771,Point,7720,1.710737,44.0355,-88.5362
1710,Point,17120,1.714336,45.7088,-88.4257
450,Point,4510,1.716386,43.4075,-87.8551
1765,Point,17670,1.716751,45.9416,-89.2682
1274,Point,12750,1.720648,44.7853,-87.6404
521,Point,5220,1.723954,43.5058,-87.9598
1759,Point,17610,1.72553,45.9247,-89.8952
293,Point,2940,1.729476,43.1781,-87.9156
639,Point,6400,1.733379,43.7544,-88.3026
976,Point,9770,1.736579,44.383,-87.9634
134,Point,1350,1.738295,42.9167,-87.9298
85,Point,860,1.739092,42.7397,-87.9348
99,Point,1000,1.745289,42.7831,-87.8554
1045,Point,10460,1.748917,44.4594,-88.2362
250,Point,2510,1.751235,43.1256,-87.9276
1171,Point,11720,1.764432,44.5961,-88.7265
1166,Point,11670,1.768378,44.5894,-87.7751
1005,Point,10060,1.785334,44.4169,-87.979
170,Point,1710,1.787714,43.01,-87.9623
667,Point,6680,1.797413,43.8067,-87.7915
841,Point,8420,1.798753,44.1903,-88.6234
1086,Point,10870,1.800291,44.5047,-88.1884
736,Point,7370,1.800664,43.9641,-88.9448
131,Point,1320,1.802719,42.9025,-87.849
244,Point,2450,1.810836,43.1172,-88.104
599,Point,6000,1.813649,43.6492,-88.4801
1091,Point,10920,1.819223,44.5114,-88.1576
269,Point,2700,1.838794,43.1511,-88.1676
676,Point,6770,1.839328,43.8244,-88.0093
72,Point,730,1.8408,42.6978,-88.087
404,Point,4050,1.840991,43.3428,-88.0231
640,Point,6410,1.8428,43.7567,-88.6679
1841,Point,18430,1.843688,46.3255,-91.9155
601,Point,6020,1.851346,43.6544,-87.827
1034,Point,10350,1.873331,44.4461,-87.8265
612,Point,6130,1.882383,43.6805,-87.8604
499,Point,5000,1.882695,43.4711,-88.959
861,Point,8620,1.886547,44.2139,-89.2355
391,Point,3920,1.893189,43.3267,-88.4954
1424,Point,14250,1.896167,44.9933,-87.3534
598,Point,5990,1.896249,43.6444,-87.8437
260,Point,2610,1.896638,43.1428,-88.1698
485,Point,4860,1.897717,43.455,-88.5801
730,Point,7310,1.922489,43.9522,-88.0832
1738,Point,17400,1.923299,45.8663,-92.5808
597,Point,5980,1.925073,44.6405,-90.1243
328,Point,3290,1.928626,43.2258,-88.6587
271,Point,2720,1.929082,43.1542,-88.1859
512,Point,5130,1.950451,43.4914,-88.402
1744,Point,17460,1.952291,45.8816,-92.6616
360,Point,3610,1.964915,43.2903,-88.737
633,Point,6340,1.966087,43.7403,-87.9606
93,Point,940,1.981236,42.7642,-88.2134
150,Point,1510,1.983766,42.9636,-87.9862
628,Point,6290,1.984766,43.7253,-88.7851
744,Point,7450,1.997339,43.9817,-88.6273
695,Point,6960,2.003759,43.8769,-88.1887
506,Point,5070,2.009113,43.4811,-88.8345
675,Point,6760,2.009751,43.8225,-88.7998
92,Point,930,2.014284,42.7614,-87.8392
682,Point,6830,2.015651,43.8416,-88.8293
427,Point,4280,2.016663,43.3756,-88.1968
479,Point,4800,2.017722,43.4458,-88.2106
1083,Point,10840,2.018756,44.5014,-88.1512
520,Point,5210,2.019859,43.5044,-88.5134
1631,Point,16330,2.0199,45.4405,-88.6551
672,Point,6730,2.024222,43.8153,-88.3548
1488,Point,14890,2.024728,45.1022,-87.1934
1494,Point,14950,2.025845,45.1125,-87.1651
113,Point,1140,2.039637,42.8295,-87.9487
277,Point,2780,2.040572,43.1586,-88.1907
935,Point,9360,2.045893,44.3236,-88.0809
422,Point,4230,2.047115,43.3686,-88.0434
1678,Point,16800,2.050478,45.5447,-88.7154
347,Point,3480,2.051349,43.2622,-88.5387
1208,Point,12090,2.053677,44.6391,-90.1651
1078,Point,10790,2.055732,44.4975,-87.9193
661,Point,6620,2.058383,43.7933,-88.7843
651,Point,6520,2.06122,43.7817,-88.3087
986,Point,9870,2.065331,44.3947,-88.1387
613,Point,6140,2.067804,43.6836,-88.1407
138,Point,1390,2.068886,42.9274,-88.3013
284,Point,2850,2.07406,43.1667,-88.1904
1498,Point,14990,2.074645,45.1202,-89.8379
1754,Point,17560,2.078734,45.9086,-92.2241
983,Point,9840,2.087241,44.3908,-89.4851
212,Point,2130,2.091207,43.0697,-88.039
398,Point,3990,2.10777,43.3339,-87.9615
268,Point,2690,2.107998,43.1508,-88.1823
953,Point,9540,2.109596,44.3508,-89.2171
584,Point,5850,2.110076,43.6189,-88.0385
1650,Point,16520,2.11043,45.4811,-88.9943
226,Point,2270,2.113578,43.0906,-88.202
1719,Point,17210,2.126385,45.7763,-92.3971
490,Point,4910,2.128035,43.4589,-88.9848
112,Point,1130,2.129955,42.827,-88.2479
255,Point,2560,2.143624,43.1339,-88.1598
647,Point,6480,2.148861,43.7755,-88.9212
1815,Point,18170,2.153801,46.1113,-89.2204
86,Point,870,2.156048,42.7414,-88.034
178,Point,1790,2.157482,43.02,-88.1179
442,Point,4430,2.16188,43.3964,-88.9582
867,Point,8680,2.169164,44.2236,-89.1621
1205,Point,12060,2.174255,44.6344,-89.1026
78,Point,790,2.17677,42.7139,-87.7967
800,Point,8010,2.178381,44.1094,-89.4835
157,Point,1580,2.181807,42.9795,-88.0693
946,Point,9470,2.183001,44.3422,-88.1259
210,Point,2110,2.185275,43.0656,-88.0056
519,Point,5200,2.187063,43.5014,-88.459
723,Point,7240,2.192956,43.9358,-88.1587
129,Point,1300,2.195392,42.897,-88.019
1686,Point,16880,2.200089,45.5713,-92.6641
655,Point,6560,2.203809,43.7867,-88.4579
590,Point,5910,2.215894,43.6278,-88.4476
111,Point,1120,2.217673,42.8236,-87.9156
275,Point,2760,2.218484,43.157,-88.1734
779,Point,7800,2.218485,44.0522,-88.2401
148,Point,1490,2.221736,42.9592,-87.8643
1701,Point,17030,2.224615,45.665,-90.2835
1525,Point,15260,2.227327,45.1653,-87.2237
582,Point,5830,2.228091,43.6167,-87.8993
166,Point,1670,2.229851,43.0056,-87.9623
1660,Point,16620,2.230859,45.4975,-88.8807
154,Point,1550,2.24188,42.972,-87.9201
258,Point,2590,2.242358,43.1392,-88.1612
232,Point,2330,2.24968,43.1,-88.4484
1082,Point,10830,2.251663,44.5003,-87.852
1300,Point,13010,2.253519,44.845,-87.3634
349,Point,3500,2.253573,43.2653,-88.0431
104,Point,1050,2.266026,42.8017,-87.8354
1018,Point,10190,2.272892,44.43,-87.8482
217,Point,2180,2.273922,43.0781,-88.0609
458,Point,4590,2.283578,43.4169,-88.0965
920,Point,9210,2.284609,44.3008,-88.0712
1592,Point,15930,2.285872,45.3116,-92.3607
84,Point,850,2.287765,42.737,-87.8406
1060,Point,10610,2.289548,44.4769,-88.1104
274,Point,2750,2.289739,43.1561,-88.1848
643,Point,6440,2.294167,43.7678,-88.4696
939,Point,9400,2.299544,44.33,-87.8382
1801,Point,18030,2.307067,46.0525,-89.0312
535,Point,5360,2.307454,43.5297,-88.5651
214,Point,2150,2.311815,43.0742,-88.0606
276,Point,2770,2.328047,43.1578,-88.0756
725,Point,7260,2.333483,43.9397,-88.5962
727,Point,7280,2.335042,43.9458,-88.5065
304,Point,3050,2.33885,43.1925,-87.9456
618,Point,6190,2.340207,43.6994,-88.6159
1069,Point,10700,2.349119,44.488,-87.7804
1526,Point,15270,2.353308,45.1239,-88.8265
339,Point,3400,2.353618,43.2458,-88.7637
679,Point,6800,2.35617,43.8342,-87.929
234,Point,2350,2.359858,43.1045,-88.4154
1643,Point,16450,2.360296,45.4705,-88.8632
684,Point,6850,2.362375,43.8478,-88.9623
1613,Point,16150,2.366059,45.3883,-89.6737
595,Point,5960,2.37001,43.6375,-87.8315
81,Point,820,2.378069,42.7284,-88.084
1221,Point,12220,2.38154,44.6572,-88.1282
152,Point,1530,2.396968,42.967,-87.9929
135,Point,1360,2.402935,42.9197,-87.9812
82,Point,830,2.415425,42.7317,-87.7823
635,Point,6360,2.421109,43.7436,-88.5068
681,Point,6820,2.42175,43.8391,-88.9443
329,Point,3300,2.430978,43.2275,-88.4576
302,Point,3030,2.432717,43.1908,-88.1348
689,Point,6900,2.439362,43.8575,-88.8637
737,Point,7380,2.442667,43.9661,-88.5451
1504,Point,15050,2.44402,45.128,-87.2365
1597,Point,15980,2.44599,45.3327,-91.6799
378,Point,3790,2.456122,43.3139,-88.5159
195,Point,1960,2.457524,43.0417,-88.0643
825,Point,8260,2.4584,44.1597,-89.0529
1707,Point,17090,2.459597,45.6927,-88.6354
566,Point,5670,2.462703,43.5867,-88.3123
561,Point,5620,2.465914,43.5736,-91.1107
1568,Point,15690,2.467102,45.2419,-89.0959
1476,Point,14770,2.474396,45.0797,-87.664
331,Point,3320,2.479815,43.2306,-87.9662
1065,Point,10660,2.485534,44.4836,-88.0312
567,Point,5680,2.493824,43.588,-88.4432
544,Point,5450,2.498239,43.5447,-88.5623
115,Point,1160,2.498683,42.8342,-88.2041
1794,Point,17960,2.500733,46.0183,-92.2407
1225,Point,12260,2.504198,44.6653,-88.0248
963,Point,9640,2.517063,44.3642,-88.0907
840,Point,8410,2.520123,44.1889,-89.3957
1551,Point,15520,2.525312,45.2083,-87.0757
1263,Point,12640,2.528838,44.7628,-87.3662
500,Point,5010,2.529314,43.4725,-88.7184
298,Point,2990,2.530963,43.1847,-87.9059
1622,Point,16240,2.53368,45.4136,-89.1226
272,Point,2730,2.538864,43.155,-88.1834
1800,Point,18020,2.546761,46.0447,-88.9987
340,Point,3410,2.550528,43.2469,-88.1359
855,Point,8560,2.556987,44.2055,-89.4565
379,Point,3800,2.562675,43.3144,-90.909
374,Point,3750,2.569953,43.3092,-88.0295
352,Point,3530,2.570738,43.2717,-88.4332
1716,Point,17180,2.572931,45.7508,-92.3649
403,Point,4040,2.576366,43.3408,-88.689
110,Point,1110,2.578389,42.8206,-87.877
1773,Point,17750,2.578672,45.9683,-89.0604
898,Point,8990,2.588649,44.2703,-88.0229
1336,Point,13370,2.591548,44.8928,-87.2857
514,Point,5150,2.592776,43.4953,-88.8137
691,Point,6920,2.598177,43.8642,-88.7926
1061,Point,10620,2.599067,44.4789,-87.5962
1557,Point,15580,2.599996,45.2197,-88.9873
658,Point,6590,2.603818,43.7903,-88.2357
319,Point,3200,2.607593,43.2156,-88.6579
303,Point,3040,2.60902,43.1914,-87.9712
125,Point,1260,2.609507,42.8792,-88.4632
356,Point,3570,2.612579,43.2783,-88.4632
243,Point,2440,2.612947,43.1161,-87.9145
1180,Point,11810,2.614793,44.608,-88.0904
1632,Point,16340,2.616939,45.4444,-92.4613
465,Point,4660,2.617717,43.4275,-88.994
1574,Point,15750,2.621319,45.2566,-89.0943
592,Point,5930,2.624292,43.6317,-88.8143
680,Point,6810,2.627708,43.8358,-88.3509
1460,Point,14610,2.628222,45.05,-87.2668
644,Point,6450,2.628234,43.7691,-90.1468
1772,Point,17740,2.629258,45.9633,-89.2171
668,Point,6690,2.630141,43.8086,-88.4868
1184,Point,11850,2.64508,44.613,-88.7668
735,Point,7360,2.65156,43.9625,-88.6243
603,Point,6040,2.656977,43.6592,-87.9981
161,Point,1620,2.65816,42.9922,-88.1615
1486,Point,14870,2.666778,45.1,-87.7432
547,Point,5480,2.673349,43.5522,-88.7226
1662,Point,16640,2.675142,45.5025,-87.989
1520,Point,15210,2.675659,45.1564,-87.1301
1625,Point,16270,2.683875,45.4222,-91.7438
324,Point,3250,2.684539,43.2206,-87.9559
1219,Point,12200,2.695545,44.6552,-90.4846
749,Point,7500,2.696488,43.9961,-88.6021
278,Point,2790,2.705357,43.1595,-88.1887
248,Point,2490,2.710639,43.1233,-88.199
372,Point,3730,2.710663,43.3075,-88.7209
484,Point,4850,2.713266,43.4539,-87.8404
423,Point,4240,2.730256,43.3697,-88.4862
229,Point,2300,2.735376,43.0945,-88.0393
751,Point,7520,2.741927,44.0008,-88.154
1175,Point,11760,2.752036,44.6008,-90.3743
739,Point,7400,2.761051,43.9697,-88.1932
463,Point,4640,2.761521,43.4247,-88.7971
312,Point,3130,2.76439,43.2039,-88.9129
1483,Point,14840,2.771754,45.0939,-87.1948
787,Point,7880,2.780764,44.0714,-88.2932
781,Point,7820,2.783191,44.0561,-89.3087
188,Point,1890,2.784567,43.0345,-88.0776
279,Point,2800,2.790431,43.1606,-88.1845
1216,Point,12170,2.79406,44.6519,-88.0054
495,Point,4960,2.79461,43.4666,-91.1071
1295,Point,12960,2.800402,44.8322,-87.3768
539,Point,5400,2.800546,43.5367,-88.9515
1066,Point,10670,2.803621,44.4855,-88.0557
1510,Point,15110,2.810433,45.14,-87.1934
343,Point,3440,2.812023,43.2533,-88.4629
308,Point,3090,2.815589,43.1972,-88.6823
236,Point,2370,2.818397,43.1147,-88.2712
688,Point,6890,2.827774,43.853,-88.8509
988,Point,9890,2.842515,44.3961,-89.2679
956,Point,9570,2.844032,44.355,-89.0865
477,Point,4780,2.844885,43.4422,-88.7565
348,Point,3490,2.846692,43.2639,-88.6843
256,Point,2570,2.852769,43.135,-88.0279
528,Point,5290,2.869703,43.5183,-87.9576
1231,Point,12320,2.870147,44.6761,-87.4679
1561,Point,15620,2.879421,45.2302,-89.4037
665,Point,6660,2.888585,43.7994,-87.977
1319,Point,13200,2.89386,44.8736,-87.2751
491,Point,4920,2.900009,43.4605,-88.8029
764,Point,7650,2.903497,44.0253,-88.3037
636,Point,6370,2.905301,43.7453,-88.8754
1811,Point,18130,2.906584,46.0933,-89.2518
1466,Point,14670,2.909451,45.0597,-87.1723
223,Point,2240,2.919362,43.0861,-88.167
406,Point,4070,2.940391,43.3467,-88.4784
879,Point,8800,2.944826,44.2414,-87.9454
563,Point,5640,2.946443,43.5767,-88.9293
686,Point,6870,2.958984,43.8504,-88.1782
1233,Point,12340,2.965227,44.6786,-88.8868
1623,Point,16250,2.969631,45.4155,-89.4107
489,Point,4900,2.974601,43.4586,-87.8104
428,Point,4290,2.982723,43.3786,-88.9115
562,Point,5630,2.983986,43.5747,-88.6726
1113,Point,11140,2.989414,44.538,-88.0865
1143,Point,11440,2.996817,44.5646,-88.3285
1553,Point,15540,2.997537,45.2119,-88.9773
614,Point,6150,3.001137,43.6872,-90.756
557,Point,5580,3.002329,43.5675,-88.5796
322,Point,3230,3.002779,43.2189,-88.9648
625,Point,6260,3.002795,43.7175,-88.3365
1469,Point,14700,3.003272,45.0655,-87.6943
335,Point,3360,3.01934,43.238,-88.9498
697,Point,6980,3.021641,43.8822,-90.1593
1562,Point,15630,3.023043,45.2327,-88.8562
1610,Point,16120,3.046546,45.3761,-88.8229
478,Point,4790,3.047972,43.4436,-88.4554
550,Point,5510,3.071191,43.5575,-88.5368
1708,Point,17100,3.079874,45.7002,-92.288
237,Point,2380,3.080837,43.1078,-88.1943
1478,Point,14790,3.092048,45.0841,-89.0848
1258,Point,12590,3.114164,44.7483,-87.5059
570,Point,5710,3.115861,43.5936,-87.8151
553,Point,5540,3.116375,43.5603,-88.4509
1601,Point,16030,3.122265,45.3486,-91.7204
380,Point,3810,3.122414,43.3156,-88.5195
338,Point,3390,3.124998,43.2439,-88.6945
368,Point,3690,3.128356,43.3019,-88.4376
593,Point,5940,3.130555,43.6328,-88.734
390,Point,3910,3.134139,43.3256,-88.8312
556,Point,5570,3.135485,43.565,-88.4062
433,Point,4340,3.141381,43.3853,-88.467
1598,Point,15990,3.148377,45.3372,-89.1334
311,Point,3120,3.149756,43.2061,-88.4587
1734,Point,17360,3.160318,45.8452,-88.4368
432,Point,4330,3.163571,43.3839,-88.6045
906,Point,9070,3.175456,44.2816,-89.1868
70,Point,710,3.187073,42.6897,-88.169
1346,Point,13470,3.187145,44.9039,-91.8202
533,Point,5340,3.194729,43.5275,-88.5712
266,Point,2670,3.196392,43.1486,-88.149
631,Point,6320,3.196983,43.7355,-88.5732
623,Point,6240,3.20105,43.7108,-87.8409
1436,Point,14370,3.205462,45.0105,-87.2815
952,Point,9530,3.208396,44.3489,-87.6145
1516,Point,15170,3.212881,45.1494,-88.6868
420,Point,4210,3.22058,43.3658,-88.5212
1567,Point,15680,3.222624,45.2405,-88.7671
849,Point,8500,3.22581,44.1983,-89.4362
344,Point,3450,3.23291,43.2553,-88.8732
902,Point,9030,3.233703,44.2766,-89.4676
336,Point,3370,3.245881,43.2397,-88.4282
207,Point,2080,3.248105,43.0592,-88.0648
673,Point,6740,3.251624,43.8169,-87.7434
1806,Point,18080,3.253204,46.0733,-88.9562
130,Point,1310,3.255242,42.8992,-88.4751
1356,Point,13570,3.255733,44.9147,-88.9404
776,Point,7770,3.257263,44.0452,-89.5812
147,Point,1480,3.260769,42.9564,-90.2279
1576,Point,15770,3.270652,45.2628,-87.0187
8,Point,90,3.272122,42.5195,-88.2173
242,Point,2430,3.277304,43.115,-88.1754
1292,Point,12930,3.278169,44.8261,-87.3882
137,Point,1380,3.286113,42.925,-90.2757
350,Point,3510,3.288498,43.2661,-88.9351
259,Point,2600,3.290739,43.1406,-88.404
574,Point,5750,3.291682,43.6014,-88.294
1571,Point,15720,3.297821,45.2514,-87.0168
732,Point,7330,3.309579,43.9561,-88.5401
1506,Point,15070,3.313879,45.1333,-89.216
1459,Point,14600,3.314853,45.0486,-87.6257
1153,Point,11540,3.316655,44.5755,-88.7576
743,Point,7440,3.318796,43.9794,-90.4971
659,Point,6600,3.320245,43.7908,-89.3296
1176,Point,11770,3.321345,44.6025,-87.6443
1541,Point,15420,3.330531,45.1905,-88.7221
1517,Point,15180,3.334006,45.1511,-89.109
376,Point,3770,3.341533,43.3119,-88.5168
1604,Point,16060,3.346957,45.3561,-89.1804
803,Point,8040,3.348027,44.1145,-89.5476
346,Point,3470,3.34921,43.2589,-88.6412
1427,Point,14280,3.365035,44.9969,-91.8388
261,Point,2620,3.379154,43.1439,-88.0581
1818,Point,18200,3.379414,46.1238,-89.2068
194,Point,1950,3.380585,43.0406,-88.0793
1190,Point,11910,3.390161,44.62,-88.7626
1341,Point,13420,3.390264,44.8997,-92.1352
578,Point,5790,3.400485,43.6108,-88.8509
189,Point,1900,3.404678,43.0356,-88.0168
575,Point,5760,3.407805,43.6036,-88.5665
1377,Point,13780,3.414545,44.9355,-92.371
809,Point,8100,3.416371,44.1233,-89.5546
1640,Point,16420,3.425216,45.463,-88.9329
993,Point,9940,3.428303,44.4036,-89.4487
483,Point,4840,3.432586,43.4525,-88.8384
1675,Point,16770,3.433628,45.5344,-91.7141
327,Point,3280,3.434441,43.2247,-88.5726
1052,Point,10530,3.447665,44.468,-88.9246
630,Point,6310,3.458637,43.7328,-88.5129
1428,Point,14290,3.461142,44.9991,-92.3746
746,Point,7470,3.464543,43.9864,-89.3298
1536,Point,15370,3.466279,45.1827,-89.074
1454,Point,14550,3.46733,45.0397,-89.1423
1607,Point,16090,3.471798,45.3669,-89.0082
75,Point,760,3.473197,42.705,-88.2586
177,Point,1780,3.474209,43.0186,-88.0451
1512,Point,15130,3.47526,45.1422,-89.1332
1202,Point,12030,3.482462,44.6319,-88.7598
1565,Point,15660,3.486509,45.2361,-86.9973
662,Point,6630,3.489308,43.7947,-88.7968
1570,Point,15710,3.489767,45.2491,-89.2526
1619,Point,16210,3.490985,45.4055,-89.0954
176,Point,1770,3.491498,43.0169,-91.1007
1296,Point,12970,3.492351,44.835,-87.4457
282,Point,2830,3.494558,43.1631,-88.2143
587,Point,5880,3.494743,43.6222,-88.0307
231,Point,2320,3.505391,43.0978,-88.3779
1455,Point,14560,3.506604,45.0433,-89.1046
431,Point,4320,3.506965,43.3828,-88.7207
1582,Point,15830,3.509793,45.2839,-91.5446
1552,Point,15530,3.51319,45.2105,-89.3046
1537,Point,15380,3.515867,45.1844,-89.1621
1577,Point,15780,3.517716,45.2561,-89.2493
624,Point,6250,3.521645,43.7133,-89.8871
517,Point,5180,3.52305,43.4989,-88.7979
1487,Point,14880,3.524831,45.1014,-89.0098
64,Point,650,3.528319,42.6728,-87.8695
1633,Point,16350,3.531626,45.4469,-89.0746
345,Point,3460,3.535892,43.2569,-90.8123
891,Point,8920,3.541629,44.2575,-89.506
560,Point,5610,3.554787,43.5725,-91.224
418,Point,4190,3.55829,43.3636,-88.7726
1215,Point,12160,3.562233,44.6494,-90.5074
527,Point,5280,3.563142,43.5169,-88.5137
128,Point,1290,3.564381,42.8914,-88.3826
288,Point,2890,3.564848,43.172,-87.9623
882,Point,8830,3.567726,44.2461,-89.404
2,Point,30,3.570353,42.5059,-88.0851
602,Point,6030,3.580056,43.6558,-91.2226
95,Point,960,3.580359,42.7706,-87.8504
1591,Point,15920,3.582186,45.3097,-89.2412
622,Point,6230,3.585266,43.7083,-88.9884
1556,Point,15570,3.592589,45.2191,-89.1132
1253,Point,12540,3.595616,44.7341,-92.0299
894,Point,8950,3.597574,44.2639,-89.3835
1151,Point,11520,3.599197,44.5742,-88.0601
1531,Point,15320,3.604861,45.1744,-88.7448
653,Point,6540,3.60614,43.7836,-91.2201
899,Point,9000,3.614097,44.2717,-88.2804
1207,Point,12080,3.615131,44.6369,-90.1718
1627,Point,16290,3.620463,45.4277,-89.1173
1279,Point,12800,3.627848,44.7952,-91.7002
1639,Point,16410,3.637613,45.4605,-88.9529
605,Point,6060,3.639472,43.6625,-88.4879
564,Point,5650,3.655933,43.58,-87.8556
451,Point,4520,3.659922,43.4089,-91.1668
664,Point,6650,3.662172,43.7975,-88.474
1200,Point,12010,3.671596,44.63,-91.9429
1499,Point,15000,3.675531,45.1219,-92.1469
1094,Point,10950,3.679031,44.5142,-88.2943
1575,Point,15760,3.681887,45.2611,-89.0282
942,Point,9430,3.684271,44.3358,-89.7243
394,Point,3950,3.690009,43.3294,-90.741
1201,Point,12020,3.690669,44.6305,-91.9646
1503,Point,15040,3.6965,45.1266,-89.0115
1624,Point,16260,3.697277,45.4191,-91.6849
1802,Point,18040,3.706781,46.0583,-89.0379
868,Point,8690,3.709679,44.2247,-89.6082
532,Point,5330,3.709913,43.5258,-90.196
221,Point,2220,3.709988,43.0825,-90.9007
1376,Point,13770,3.713173,44.9347,-91.9746
652,Point,6530,3.713541,43.783,-88.2337
530,Point,5310,3.719162,43.5222,-88.7076
957,Point,9580,3.722885,44.3558,-89.0554
1559,Point,15600,3.725595,45.2261,-89.0087
444,Point,4450,3.737573,43.3997,-88.4473
1380,Point,13810,3.742568,44.9397,-91.8816
536,Point,5370,3.74301,43.5322,-87.7937
1546,Point,15470,3.747801,45.1975,-88.7215
120,Point,1210,3.753558,42.857,-88.5668
468,Point,4690,3.754591,43.4308,-88.6279
1505,Point,15060,3.757173,45.1308,-87.2182
1075,Point,10760,3.757228,44.4944,-90.5346
860,Point,8610,3.757766,44.2133,-89.4996
805,Point,8060,3.758784,44.1175,-89.6482
381,Point,3820,3.764297,43.3166,-90.9101
709,Point,7100,3.76639,43.9108,-88.0818
1693,Point,16950,3.778847,45.6247,-92.1255
767,Point,7680,3.783026,44.0308,-89.6085
1543,Point,15440,3.783475,45.1939,-89.2196
699,Point,7000,3.784574,43.8902,-91.0835
1608,Point,16100,3.795504,45.3708,-88.9971
1658,Point,16600,3.796507,45.4922,-92.1138
1564,Point,15650,3.801155,45.2344,-89.186
991,Point,9920,3.803785,44.4002,-89.5085
1532,Point,15330,3.804245,45.1758,-88.717
496,Point,4970,3.806619,43.4683,-88.5862
326,Point,3270,3.810001,43.2236,-88.419
1430,Point,14310,3.819669,45.0022,-92.3741
693,Point,6940,3.820257,43.8694,-90.1662
1796,Point,17980,3.823544,46.0255,-89.111
559,Point,5600,3.826517,43.5708,-88.1618
1158,Point,11590,3.831251,44.5822,-90.4049
1421,Point,14220,3.833117,44.9891,-91.7074
1603,Point,16050,3.838793,45.3541,-91.7266
904,Point,9050,3.851916,44.2803,-89.4529
1550,Point,15510,3.852029,45.2052,-89.0812
1588,Point,15890,3.861045,45.3008,-91.5463
1134,Point,11350,3.864551,44.5567,-87.6693
806,Point,8070,3.865018,44.119,-89.5415
1155,Point,11560,3.870085,44.5772,-90.5707
375,Point,3760,3.871874,43.3108,-88.5168
173,Point,1740,3.877814,43.0133,-88.8873
145,Point,1460,3.892622,42.9521,-88.2022
53,Point,540,3.895941,42.6322,-88.1559
1605,Point,16070,3.896619,45.3622,-89.1915
698,Point,6990,3.899729,43.8869,-90.9801
707,Point,7080,3.901707,43.9078,-88.2229
678,Point,6790,3.902338,43.8308,-88.6679
1441,Point,14420,3.907373,45.0186,-92.2813
169,Point,1700,3.908197,43.0086,-88.9426
1002,Point,10030,3.920248,44.4141,-89.4835
1287,Point,12880,3.922822,44.8139,-90.3499
1303,Point,13040,3.9238,44.85,-87.3576
1519,Point,15200,3.924046,45.1547,-88.9323
846,Point,8470,3.929516,44.1953,-89.2771
1530,Point,15310,3.930915,45.1727,-89.1004
441,Point,4420,3.932311,43.3947,-88.8471
606,Point,6070,3.932986,43.6647,-91.0746
1470,Point,14710,3.937667,45.0672,-89.0946
907,Point,9080,3.937747,44.2836,-89.4196
814,Point,8150,3.950678,44.1361,-89.6418
670,Point,6710,3.951372,43.8125,-89.8515
123,Point,1240,3.954077,42.8697,-88.7695
353,Point,3540,3.973558,43.2739,-89.7257
807,Point,8080,3.979808,44.1197,-89.5357
1162,Point,11630,3.980395,44.5855,-88.2207
5,Point,60,3.981874,42.5114,-88.0845
912,Point,9130,3.985017,44.2905,-89.2112
1299,Point,13000,3.998824,44.8436,-91.9555
393,Point,3940,4.004772,43.3283,-88.8707
1599,Point,16010,4.005405,45.3414,-91.6866
999,Point,10000,4.006888,44.4105,-89.6326
1554,Point,15550,4.008174,45.215,-89.0337
1378,Point,13790,4.012674,44.9372,-89.1965
411,Point,4120,4.016781,43.3522,-88.9971
251,Point,2520,4.023799,43.1267,-88.2598
1630,Point,16320,4.02557,45.438,-89.4035
1420,Point,14210,4.028608,44.9883,-90.3774
1209,Point,12100,4.035945,44.64,-87.7604
1297,Point,12980,4.039036,44.8372,-91.4288
387,Point,3880,4.039275,43.3225,-88.9321
692,Point,6930,4.045127,43.8672,-89.6951
429,Point,4300,4.047697,43.3797,-90.9057
1260,Point,12610,4.052326,44.7555,-91.6668
50,Point,510,4.053328,42.6247,-87.8731
1578,Point,15790,4.059294,45.2675,-88.7084
362,Point,3630,4.069361,43.2936,-88.0943
1606,Point,16080,4.0741,45.3641,-89.1968
980,Point,9810,4.092413,44.3872,-89.2662
526,Point,5270,4.099884,43.5153,-89.8751
475,Point,4760,4.105572,43.4403,-88.4354
690,Point,6910,4.11303,43.8605,-91.1818
669,Point,6700,4.115603,43.8097,-90.1443
558,Point,5590,4.120948,43.5694,-88.8565
1401,Point,14020,4.129071,44.96,-91.6646
569,Point,5700,4.134703,43.5919,-88.5415
21,Point,220,4.138928,42.5484,-88.2606
1674,Point,16760,4.152028,45.5313,-92.018
238,Point,2390,4.164222,43.1089,-88.4926
700,Point,7010,4.166508,43.8916,-91.2707
1558,Point,15590,4.172464,45.2225,-88.8243
1635,Point,16370,4.174566,45.4511,-91.783
1328,Point,13290,4.181363,44.885,-88.8207
977,Point,9780,4.183458,44.3844,-89.6732
817,Point,8180,4.188956,44.1447,-89.6051
1429,Point,14300,4.190673,45.0014,-90.5579
1160,Point,11610,4.195478,44.5842,-87.6751
386,Point,3870,4.202975,43.3214,-88.794
1242,Point,12430,4.203529,44.7033,-89.9635
1123,Point,11240,4.205174,44.5478,-88.2673
1447,Point,14480,4.211275,45.0297,-89.1612
1370,Point,13710,4.212938,44.9294,-87.3695
1509,Point,15100,4.215435,45.1383,-89.2251
933,Point,9340,4.215485,44.3203,-88.9259
538,Point,5390,4.218265,43.5353,-88.4451
1395,Point,13960,4.226613,44.9536,-92.0777
1618,Point,16200,4.229431,45.4027,-91.8477
1406,Point,14070,4.233008,44.9669,-92.3746
1572,Point,15730,4.234396,45.2633,-89.2407
415,Point,4160,4.239539,43.3583,-88.8729
407,Point,4080,4.241511,43.3478,-88.9112
1294,Point,12950,4.243058,44.8305,-89.8751
313,Point,3140,4.245598,43.2056,-88.9429
1243,Point,12440,4.247749,44.7075,-92.0249
1291,Point,12920,4.251644,44.8238,-91.5141
26,Point,270,4.259193,42.5564,-87.9165
510,Point,5110,4.259481,43.4869,-88.7829
1515,Point,15160,4.25984,45.1472,-89.1493
813,Point,8140,4.260984,44.1333,-90.9863
192,Point,1930,4.263072,43.0383,-88.7904
1254,Point,12550,4.266025,44.7383,-91.5127
127,Point,1280,4.266137,42.8842,-88.7704
382,Point,3830,4.267333,43.318,-90.9265
1484,Point,14850,4.270639,45.0955,-87.0909
642,Point,6430,4.274971,43.7636,-88.6346
1501,Point,15020,4.275787,45.125,-89.0862
649,Point,6500,4.279758,43.7794,-91.1937
421,Point,4220,4.282543,43.3669,-89.7671
1368,Point,13690,4.298849,44.9272,-91.9863
874,Point,8750,4.299805,44.2339,-90.709
1590,Point,15910,4.30335,45.3083,-91.6021
0,Point,0,4.307932,44.2089,-89.479
1244,Point,12450,4.313595,44.7117,-87.4793
252,Point,2530,4.31373,43.1283,-88.5498
1372,Point,13730,4.328029,44.9308,-87.194
734,Point,7350,4.348418,43.9608,-89.816
508,Point,5090,4.348944,43.4847,-87.8795
1,Point,20,4.349957,42.5031,-87.9526
1284,Point,12850,4.354696,44.805,-91.7185
1144,Point,11450,4.36027,44.5652,-90.6629
1626,Point,16280,4.373274,45.4233,-89.4029
1594,Point,15950,4.376201,45.3214,-91.6674
1334,Point,13350,4.379084,44.8902,-92.3707
263,Point,2640,4.379169,43.1458,-88.274
1461,Point,14620,4.380432,45.0514,-89.0209
1412,Point,14130,4.380574,44.9758,-91.8293
858,Point,8590,4.384195,44.2111,-89.4918
1511,Point,15120,4.385077,45.1408,-88.6723
1397,Point,13980,4.39871,44.9564,-92.681
1324,Point,13250,4.399173,44.8802,-91.9355
408,Point,4090,4.405861,43.3486,-88.5232
1596,Point,15970,4.407001,45.3294,-91.651
1586,Point,15870,4.410978,45.2927,-89.4237
696,Point,6970,4.415187,43.8791,-89.7204
741,Point,7420,4.422684,43.9761,-89.9923
648,Point,6490,4.427678,43.7775,-88.5396
621,Point,6220,4.428817,43.7047,-90.744
876,Point,8770,4.429316,44.2377,-91.8627
1521,Point,15220,4.43601,45.1589,-92.5977
909,Point,9100,4.445955,44.285,-89.5232
576,Point,5770,4.448473,43.6061,-88.7134
361,Point,3620,4.448788,43.2919,-90.9465
63,Point,640,4.452252,42.6684,-87.8765
1021,Point,10220,4.452794,44.4319,-89.6396
534,Point,5350,4.452975,43.5289,-88.4812
982,Point,9830,4.453637,44.3889,-89.6585
1001,Point,10020,4.455817,44.413,-89.5351
1473,Point,14740,4.46031,45.0736,-88.9929
798,Point,7990,4.461948,44.1041,-89.5612
1362,Point,13630,4.469384,44.9202,-92.3741
637,Point,6380,4.470387,43.7472,-89.2937
1257,Point,12580,4.471363,44.7441,-90.4576
1009,Point,10100,4.471391,44.4211,-89.6629
794,Point,7950,4.476986,44.093,-91.359
1580,Point,15810,4.480316,45.2775,-89.1151
1364,Point,13650,4.485117,44.9216,-92.3152
706,Point,7070,4.490201,43.9061,-89.684
571,Point,5720,4.501491,43.5964,-88.5812
1247,Point,12480,4.503733,44.718,-91.6932
1185,Point,11860,4.504497,44.6144,-88.4398
552,Point,5530,4.505204,43.5592,-88.5393
914,Point,9150,4.505386,44.2925,-91.2274
1581,Point,15820,4.516676,45.2811,-91.9516
1000,Point,10010,4.518713,44.4119,-89.6701
750,Point,7510,4.531514,43.998,-90.5032
1442,Point,14430,4.531893,45.02,-91.0451
30,Point,310,4.531953,42.5689,-88.1609
389,Point,3900,4.537343,43.325,-88.4209
677,Point,6780,4.54264,43.8269,-91.2674
1119,Point,11200,4.54636,44.543,-91.4668
793,Point,7940,4.554785,44.0886,-89.4332
878,Point,8790,4.559309,44.2402,-89.4871
964,Point,9650,4.570477,44.3655,-89.6212
230,Point,2310,4.578958,43.0955,-91.1379
1371,Point,13720,4.579973,44.93,-90.5818
1545,Point,15460,4.58949,45.1964,-92.6258
1240,Point,12410,4.604834,44.6975,-87.6101
1579,Point,15800,4.608051,45.2705,-89.1671
717,Point,7180,4.625288,43.925,-89.8249
632,Point,6330,4.639876,43.738,-90.7804
1587,Point,15880,4.641001,45.2989,-89.0659
377,Point,3780,4.665665,43.313,-89.7765
683,Point,6840,4.667556,43.8447,-91.2618
1011,Point,10120,4.678273,44.4227,-89.6093
1392,Point,13930,4.679204,44.9508,-91.7271
962,Point,9630,4.682012,44.3625,-89.4565
27,Point,280,4.683903,42.562,-87.8587
1569,Point,15700,4.685443,45.2477,-89.1893
1418,Point,14190,4.688129,44.9869,-89.6296
1555,Point,15560,4.688526,45.2183,-88.999
1445,Point,14460,4.697153,45.0261,-92.7002
32,Point,330,4.705377,42.5736,-87.9173
1038,Point,10390,4.706039,44.4519,-92.2007
1584,Point,15850,4.707132,45.2911,-89.3071
1600,Point,16020,4.709424,45.3438,-91.7552
1391,Point,13920,4.710043,44.95,-91.1488
694,Point,6950,4.710533,42.8739,-88.8465
1023,Point,10240,4.711385,44.4355,-89.579
1496,Point,14970,4.719012,45.1183,-92.3763
392,Point,3930,4.723072,43.3278,-90.8585
1218,Point,12190,4.725414,44.6544,-90.5957
589,Point,5900,4.72608,43.6267,-88.5409
121,Point,1220,4.728027,42.8617,-88.5512
1502,Point,15030,4.728942,45.1255,-88.6993
1573,Point,15740,4.732339,45.2555,-89.3951
388,Point,3890,4.745019,43.3242,-88.1743
518,Point,5190,4.752372,43.4997,-87.9001
1369,Point,13700,4.756481,44.9286,-90.8479
1485,Point,14860,4.758638,45.0977,-89.2232
789,Point,7900,4.762507,44.0739,-89.4079
1375,Point,13760,4.763488,44.933,-92.2824
1399,Point,14000,4.766754,44.9583,-90.5146
1100,Point,11010,4.768437,44.523,-90.5593
1264,Point,12650,4.786853,44.765,-90.5968
142,Point,1430,4.81209,42.9383,-88.7904
1139,Point,11400,4.812478,44.5605,-90.6196
153,Point,1540,4.827472,42.9692,-88.1206
1560,Point,15610,4.828124,45.2275,-88.9932
1234,Point,12350,4.839782,44.6805,-91.4279
28,Point,290,4.847271,42.5656,-88.1012
1544,Point,15450,4.857499,45.1966,-89.0093
1451,Point,14520,4.859259,45.0339,-92.2588
1480,Point,14810,4.861952,45.0878,-87.6423
292,Point,2930,4.862903,43.1772,-90.0648
1239,Point,12400,4.868327,44.6941,-90.4751
1414,Point,14150,4.86985,44.9789,-92.521
126,Point,1270,4.871241,42.8806,-88.5837
1390,Point,13910,4.884252,44.9491,-92.6899
987,Point,9880,4.885291,44.3952,-89.6876
1115,Point,11160,4.887868,44.54,-90.5788
383,Point,3840,4.890719,43.3186,-88.4598
1053,Point,10540,4.901045,44.885,-91.4252
1422,Point,14230,4.90199,44.9905,-92.7235
1426,Point,14270,4.910296,44.9955,-90.3351
1163,Point,11640,4.914315,44.5863,-90.4662
604,Point,6050,4.929313,43.6602,-90.9182
365,Point,3660,4.932952,43.2975,-90.5804
1637,Point,16390,4.935376,45.4541,-89.2234
1255,Point,12560,4.945145,44.7405,-88.4448
859,Point,8600,4.947905,44.2125,-91.8435
1563,Point,15640,4.953378,45.2336,-91.6982
1197,Point,11980,4.954661,44.6272,-91.9705
915,Point,9160,4.958332,44.2947,-89.4829
1007,Point,10080,4.961365,44.42,-89.4568
1103,Point,11040,4.965054,44.5264,-90.3768
1318,Point,13190,4.969243,44.8727,-90.3554
1355,Point,13560,4.975683,44.9139,-90.3221
25,Point,260,4.977319,42.5575,-88.2951
1288,Point,12890,4.982753,44.8147,-89.904
992,Point,9930,4.984214,44.4022,-87.6851
1304,Point,13050,4.985982,44.8516,-89.866
1235,Point,12360,5.000367,44.6838,-91.1585
1142,Point,11430,5.002249,44.5633,-91.6663
1388,Point,13890,5.005812,44.9475,-92.6633
863,Point,8640,5.006853,44.2164,-89.3921
1566,Point,15670,5.009594,45.2383,-91.5941
666,Point,6670,5.011278,43.803,-90.0632
791,Point,7920,5.026813,44.08,-89.5935
844,Point,8450,5.028414,44.193,-89.9468
507,Point,5080,5.030973,43.4833,-90.0112
1383,Point,13840,5.039996,44.9433,-92.6902
1122,Point,11230,5.041176,44.5466,-90.6493
1425,Point,14260,5.041254,44.9944,-92.3191
504,Point,5050,5.047444,43.4775,-89.9207
1549,Point,15500,5.048383,45.2044,-89.0293
984,Point,9850,5.054633,44.3916,-89.6929
847,Point,8480,5.059407,44.1964,-89.5451
310,Point,3110,5.063073,43.2008,-90.1357
626,Point,6270,5.064635,43.7194,-90.549
812,Point,8130,5.079894,44.1319,-89.6007
701,Point,7020,5.093089,43.893,-90.9893
1405,Point,14060,5.09349,44.9647,-92.7394
1016,Point,10170,5.101168,44.4283,-89.5843
905,Point,9060,5.103739,44.2808,-89.4073
1381,Point,13820,5.104892,44.9411,-92.7005
1307,Point,13080,5.108401,44.8564,-90.4815
1301,Point,13020,5.160247,44.8466,-89.9635
1276,Point,12770,5.177819,44.7886,-91.3685
674,Point,6750,5.194949,43.8189,-91.2221
832,Point,8330,5.200135,45.1744,-91.1701
1265,Point,12660,5.200356,44.7655,-91.4852
1524,Point,15250,5.220651,45.1639,-88.9901
752,Point,7530,5.222798,44.0025,-90.4962
1491,Point,14920,5.229049,45.1291,-89.2082
1514,Point,15150,5.246119,45.1458,-89.2032
1585,Point,15860,5.275747,45.2919,-89.3746
1513,Point,15140,5.282099,45.1444,-89.0679
1583,Point,15840,5.286817,45.2875,-89.424
804,Point,8050,5.287915,44.1158,-89.6176
893,Point,8940,5.291229,44.2605,-89.391
1615,Point,16170,5.30175,45.3944,-92.143
1384,Point,13850,5.313361,44.9441,-90.3785
1479,Point,14800,5.313559,45.0861,-91.4796
1528,Point,15290,5.32485,45.1691,-88.9901
1241,Point,12420,5.343685,44.7,-90.506
591,Point,5920,5.350762,43.6283,-91.2182
136,Point,1370,5.356068,42.9225,-88.8054
1278,Point,12790,5.358703,44.793,-90.9918
877,Point,8780,5.365757,44.2392,-87.8298
926,Point,9270,5.373221,44.3095,-89.5292
531,Point,5320,5.388941,43.5236,-90.8674
471,Point,4720,5.390976,43.435,-90.0362
1398,Point,13990,5.438443,44.9575,-92.6485
853,Point,8540,5.439814,44.2025,-89.9807
646,Point,6470,5.440352,43.7725,-89.6612
1529,Point,15300,5.442869,45.1705,-91.3507
685,Point,6860,5.452956,43.8489,-91.2629
1363,Point,13640,5.457101,44.9208,-90.7607
1147,Point,11480,5.462643,44.5689,-92.3224
972,Point,9730,5.471334,44.3758,-89.596
1609,Point,16110,5.475094,45.3733,-89.1204
1048,Point,10490,5.477775,44.4633,-90.3265
1212,Point,12130,5.497815,44.6447,-91.9043
1010,Point,10110,5.520419,44.4219,-89.674
785,Point,7860,5.525909,44.0666,-89.6354
1280,Point,12810,5.528413,44.7972,-89.9637
13,Point,140,5.53252,42.5297,-88.2284
608,Point,6090,5.552017,43.668,-90.7835
1628,Point,16300,5.55908,45.4344,-89.1107
619,Point,6200,5.572115,43.7022,-90.7574
1282,Point,12830,5.577449,44.8011,-91.6377
1611,Point,16130,5.586456,45.3814,-89.2426
1320,Point,13210,5.592711,44.8747,-92.3394
513,Point,5140,5.601819,43.4933,-89.5446
663,Point,6640,5.618669,43.7958,-90.3635
1050,Point,10510,5.621457,44.4664,-91.9221
1315,Point,13160,5.622348,44.87,-92.5571
1259,Point,12600,5.625318,44.7541,-92.4891
472,Point,4730,5.649505,43.4366,-89.5729
45,Point,460,5.655737,42.6106,-87.8548
1146,Point,11470,5.656622,44.5683,-87.5601
919,Point,9200,5.672159,44.3,-87.5612
820,Point,8210,5.677525,44.1508,-89.5568
1435,Point,14360,5.690917,45.008,-92.6199
1489,Point,14900,5.69102,45.103,-92.3755
1306,Point,13070,5.696188,44.8552,-92.651
16,Point,170,5.718958,42.5359,-87.8692
1309,Point,13100,5.725134,44.8583,-90.7126
1331,Point,13320,5.729446,44.8872,-92.4999
766,Point,7670,5.74786,44.0291,-89.616
66,Point,670,5.748786,42.68,-88.2562
1419,Point,14200,5.758137,44.9875,-90.5249
985,Point,9860,5.76467,44.393,-90.7213
1272,Point,12730,5.768492,44.7791,-89.9404
1394,Point,13950,5.774225,44.9525,-92.7438
1433,Point,14340,5.794443,45.0058,-92.5933
55,Point,560,5.79877,42.6395,-88.1292
989,Point,9900,5.84916,44.3975,-89.6293
1327,Point,13280,5.858862,44.8836,-92.7585
1393,Point,13940,5.882685,44.9516,-90.5901
1013,Point,10140,5.884889,44.4247,-89.6676
60,Point,610,5.892938,42.6581,-88.0334
864,Point,8650,5.902031,44.2183,-88.024
52,Point,530,5.90328,42.6286,-88.1004
22,Point,230,5.904002,42.5509,-88.1706
11,Point,120,5.90548,42.5242,-87.9509
1522,Point,15230,5.907034,45.1611,-89.2504
12,Point,130,5.911587,42.5264,-88.1304
309,Point,3100,5.912127,43.1989,-90.6196
1214,Point,12150,5.940927,44.6477,-91.5224
36,Point,370,5.942246,42.5828,-87.8834
1316,Point,13170,5.947482,44.8711,-92.6205
1206,Point,12070,5.952577,44.6352,-91.9568
1008,Point,10090,5.956406,44.4208,-89.6529
1275,Point,12760,5.956695,44.7864,-91.4665
42,Point,430,5.968043,42.5995,-87.9137
225,Point,2260,5.991048,43.0889,-89.3621
687,Point,6880,6.003378,43.8514,-88.5754
629,Point,6300,6.003679,43.728,-89.8201
821,Point,8220,6.034135,44.1527,-89.6487
889,Point,8900,6.04633,44.2558,-89.5385
1268,Point,12690,6.061565,44.7711,-90.606
747,Point,7480,6.066606,43.9891,-90.839
1298,Point,12990,6.072364,44.8405,-91.491
1317,Point,13180,6.077424,44.8719,-92.728
1750,Point,17520,6.088192,45.8977,-88.3004
1250,Point,12510,6.113505,44.728,-90.3174
615,Point,6160,6.128673,43.6911,-89.6579
1058,Point,10590,6.129354,44.4741,-90.6451
745,Point,7460,6.166801,43.9827,-89.8201
1725,Point,17270,6.198754,45.81,-88.6637
1518,Point,15190,6.224586,45.1522,-92.4291
9,Point,100,6.22509,42.5209,-88.1287
20,Point,210,6.232717,42.5467,-87.8923
1374,Point,13750,6.240595,44.9316,-92.7041
1290,Point,12910,6.247727,44.8197,-90.2399
1434,Point,14350,6.270153,45.0069,-92.5777
1040,Point,10410,6.278298,44.4536,-90.8351
828,Point,8290,6.287316,44.1672,-87.6687
1539,Point,15400,6.315418,45.1875,-92.4363
728,Point,7290,6.318954,43.9494,-87.9882
981,Point,9820,6.320083,44.3883,-89.679
456,Point,4570,6.32342,43.4142,-89.0562
1462,Point,14630,6.34005,45.053,-92.7424
1402,Point,14030,6.351713,44.9611,-91.289
1497,Point,14980,6.357268,45.1189,-92.6071
1452,Point,14530,6.364187,45.035,-92.6213
913,Point,9140,6.364229,44.2917,-87.8148
761,Point,7620,6.380624,44.0205,-87.8331
1273,Point,12740,6.383423,44.7822,-89.7326
1403,Point,14040,6.385209,44.963,-92.4885
938,Point,9390,6.385339,44.3283,-89.7082
354,Point,3550,6.387879,43.2764,-90.2846
1267,Point,12680,6.393906,44.7697,-90.4496
885,Point,8860,6.411476,44.2522,-91.4763
1311,Point,13120,6.413872,44.8625,-90.0135
1540,Point,15410,6.416271,45.1889,-92.3849
826,Point,8270,6.421925,44.1616,-89.6101
908,Point,9090,6.423266,44.2841,-89.544
414,Point,4150,6.426799,43.3558,-89.2335
1004,Point,10050,6.432728,44.4164,-92.0032
480,Point,4810,6.440903,43.4472,-90.3601
1389,Point,13900,6.443973,44.9486,-92.4619
1379,Point,13800,6.461059,44.9383,-90.5565
1281,Point,12820,6.462754,44.8,-90.3257
1475,Point,14760,6.468491,45.0777,-89.6057
792,Point,7930,6.474227,44.0833,-91.3688
1195,Point,11960,6.481041,44.6264,-91.5804
839,Point,8400,6.486486,44.1872,-87.6076
1385,Point,13860,6.493077,44.9447,-92.6721
1329,Point,13300,6.49392,44.8858,-92.5891
1271,Point,12720,6.499391,44.1081,-87.7293
522,Point,5230,6.503006,43.5078,-89.5282
754,Point,7550,6.506258,44.0072,-89.9357
1507,Point,15080,6.528455,45.1361,-92.2605
713,Point,7140,6.539136,43.9189,-87.9957
405,Point,4060,6.551234,43.3447,-89.0218
1547,Point,15480,6.572108,45.2011,-92.5727
740,Point,7410,6.578505,43.9736,-87.9709
1411,Point,14120,6.597192,44.9744,-92.2188
400,Point,4010,6.619742,43.3361,-89.2643
916,Point,9170,6.628665,44.2961,-91.266
774,Point,7750,6.65185,44.0403,-87.7026
1492,Point,14930,6.666445,45.1083,-92.6044
1286,Point,12870,6.673443,44.8116,-89.6765
1527,Point,15280,6.679778,45.1669,-92.6358
1340,Point,13410,6.683437,44.8983,-92.2169
834,Point,8350,6.687129,45.1769,-90.9854
1325,Point,13260,6.693381,44.8816,-89.3451
545,Point,5460,6.710405,43.5475,-89.1246
1500,Point,15010,6.725859,45.1236,-92.5119
1348,Point,13490,6.786336,44.9058,-92.4027
1345,Point,13460,6.798251,44.9027,-89.8123
719,Point,7200,6.805555,43.9283,-87.9423
1289,Point,12900,6.807064,44.8163,-90.9426
1349,Point,13500,6.832861,44.9066,-90.3324
1222,Point,12230,6.839354,44.6589,-91.5035
503,Point,5040,6.844492,43.4764,-89.5035
1453,Point,14540,6.868021,45.0369,-92.7644
1285,Point,12860,6.868391,44.808,-89.2702
1457,Point,14580,6.879724,45.0458,-90.0432
712,Point,7130,6.880658,43.9178,-87.9351
581,Point,5820,6.883584,43.6147,-89.4823
1438,Point,14390,6.887149,45.0144,-90.179
447,Point,4480,6.897246,43.403,-89.4012
1416,Point,14170,6.907153,44.9841,-89.6301
1465,Point,14660,6.908221,45.0583,-89.4085
1468,Point,14690,6.91085,45.0639,-92.4941
594,Point,5950,6.912094,43.635,-89.7762
1493,Point,14940,6.927354,45.1108,-92.516
296,Point,2970,6.950861,43.1817,-90.196
1256,Point,12570,6.956281,44.7419,-91.5385
880,Point,8810,6.967179,44.2422,-87.5443
359,Point,3600,6.996642,43.288,-89.0451
1237,Point,12380,7.005049,44.6869,-90.1587
1312,Point,13130,7.01701,44.8633,-92.6646
1270,Point,12710,7.02254,44.7733,-90.2601
1415,Point,14160,7.04055,44.9808,-92.633
831,Point,8320,7.051886,44.1808,-91.2763
815,Point,8160,7.052613,44.1403,-87.7737
412,Point,4130,7.064246,43.3533,-89.5673
1367,Point,13680,7.09987,44.9261,-91.8902
455,Point,4560,7.106492,43.413,-89.531
1439,Point,14400,7.144762,45.0161,-89.8446
720,Point,7210,7.149442,43.93,-87.9376
419,Point,4200,7.149533,43.365,-89.4637
87,Point,880,7.188288,42.7422,-90.4912
438,Point,4390,7.197365,43.3905,-89.5326
31,Point,320,7.201386,42.5722,-89.0257
1477,Point,14780,7.206938,45.0822,-92.771
537,Point,5380,7.20844,43.5333,-89.1001
811,Point,8120,7.209363,44.1292,-87.6926
748,Point,7490,7.218003,43.9933,-87.8509
733,Point,7340,7.227576,43.9583,-87.7126
1382,Point,13830,7.239672,44.9422,-92.5685
816,Point,8170,7.264007,44.1417,-87.5751
1548,Point,15490,7.295972,45.2027,-92.1763
703,Point,7040,7.304901,43.8989,-87.972
1535,Point,15360,7.306539,45.1811,-92.4119
1266,Point,12670,7.315408,44.7689,-90.591
541,Point,5420,7.316272,43.5394,-89.2459
1688,Point,16900,7.406837,45.5786,-91.9352
543,Point,5440,7.425943,43.5428,-89.0307
342,Point,3430,7.428018,43.2511,-88.3815
777,Point,7780,7.457848,44.0489,-87.7481
155,Point,1560,7.459042,42.9733,-90.4485
827,Point,8280,7.465582,44.1661,-87.8018
492,Point,4930,7.477135,43.4622,-89.3685
33,Point,340,7.4814,42.5764,-90.3526
1523,Point,15240,7.492726,45.1622,-92.593
1448,Point,14490,7.545415,45.0308,-89.7054
555,Point,5560,7.549569,43.5633,-89.5243
1338,Point,13390,7.556984,44.8947,-89.8848
1357,Point,13580,7.565549,44.9155,-90.0587
1141,Point,11420,7.57436,44.5616,-92.3021
436,Point,4370,7.576805,43.388,-89.5965
1450,Point,14510,7.590767,45.033,-90.2821
18,Point,190,7.595409,42.5417,-90.2765
875,Point,8760,7.599995,44.2369,-87.7518
1361,Point,13620,7.602913,44.9197,-92.7063
1111,Point,11120,7.603483,44.5352,-89.531
1344,Point,13450,7.612699,44.9019,-90.304
1400,Point,14010,7.617844,44.9591,-90.0112
1482,Point,14830,7.63052,45.0919,-89.7287
1446,Point,14470,7.655095,45.0272,-92.7527
1192,Point,11930,7.661206,44.6227,-91.2577
1223,Point,12240,7.669895,44.6608,-91.3165
1342,Point,13430,7.674091,44.9005,-89.7879
1358,Point,13590,7.675395,44.9161,-92.1763
160,Point,1610,7.677804,42.9897,-90.7129
481,Point,4820,7.686601,43.4489,-89.0259
443,Point,4440,7.708375,43.3986,-89.5787
568,Point,5690,7.711649,43.5889,-89.2998
1481,Point,14820,7.722925,45.09,-89.9937
549,Point,5500,7.728856,43.5561,-89.2326
449,Point,4500,7.731756,43.4053,-89.3501
808,Point,8090,7.744028,44.1219,-87.6231
1444,Point,14450,7.748497,45.023,-90.2182
1095,Point,10960,7.767124,44.5164,-89.5346
497,Point,4980,7.776629,43.4694,-89.1868
1154,Point,11550,7.778646,44.5766,-89.4957
1472,Point,14730,7.789824,45.0708,-90.161
572,Point,5730,7.796199,43.5994,-89.1884
1049,Point,10500,7.799764,44.465,-89.4293
318,Point,3190,7.802269,43.213,-90.2023
705,Point,7060,7.814513,43.9047,-87.9482
1413,Point,14140,7.83271,44.978,-90.0049
1386,Point,13870,7.86709,44.9458,-90.0785
1463,Point,14640,7.870753,45.0558,-89.8076
1308,Point,13090,7.881068,44.8572,-91.5768
1404,Point,14050,7.901378,44.9639,-89.6807
1131,Point,11320,7.956563,44.5548,-89.3548
1360,Point,13610,7.973958,44.9186,-89.5707
1283,Point,12840,7.984039,44.803,-91.4388
493,Point,4940,8.000252,43.4641,-89.3868
17,Point,180,8.000905,42.5381,-90.2401
69,Point,700,8.007017,42.6869,-90.7151
1188,Point,11890,8.007748,44.618,-89.3335
156,Point,1570,8.035088,42.977,-88.0154
1458,Point,14590,8.037848,45.0466,-89.8679
540,Point,5410,8.05987,43.5383,-89.0093
1343,Point,13440,8.063343,44.9014,-89.6185
1682,Point,16840,8.119775,45.5627,-91.6821
1252,Point,12530,8.124722,44.7325,-90.2612
1116,Point,11170,8.126025,44.5408,-89.5193
1074,Point,10750,8.128998,44.4936,-89.2259
1322,Point,13230,8.129279,44.8783,-89.3357
54,Point,550,8.129734,42.6369,-89.9526
722,Point,7230,8.130481,43.9342,-87.9423
1495,Point,14960,8.137966,45.1152,-89.2251
3,Point,40,8.157765,42.5081,-90.2157
1310,Point,13110,8.16284,44.86,-90.1012
1269,Point,12700,8.163727,44.7722,-89.4251
524,Point,5250,8.183004,43.5117,-89.4837
773,Point,7740,8.189143,44.038,-87.8365
742,Point,7430,8.194111,43.9783,-87.7404
1396,Point,13970,8.19505,44.955,-90.1799
1366,Point,13670,8.202865,44.9244,-90.2779
1353,Point,13540,8.212799,44.9111,-89.8962
79,Point,800,8.226282,42.7189,-90.1032
708,Point,7090,8.230215,43.9094,-88.0395
1687,Point,16890,8.233269,45.5741,-91.9157
1129,Point,11300,8.240144,44.5536,-89.3954
139,Point,1400,8.265828,42.9292,-90.7118
1198,Point,11990,8.268788,44.628,-89.2943
1456,Point,14570,8.283031,45.0444,-89.339
1365,Point,13660,8.288338,44.923,-89.839
1432,Point,14330,8.288416,45.0041,-89.734
1350,Point,13510,8.29617,44.908,-89.5929
551,Point,5520,8.299284,43.3075,-89.4254
1046,Point,10470,8.30432,44.4611,-89.5032
124,Point,1250,8.315379,42.8739,-89.9326
523,Point,5240,8.320001,43.51,-89.6096
586,Point,5870,8.321468,43.6205,-89.0229
193,Point,1940,8.328638,43.0394,-89.3709
714,Point,7150,8.330374,43.9208,-87.9401
425,Point,4260,8.340225,43.3719,-89.541
515,Point,5160,8.350366,43.4967,-89.3126
1213,Point,12140,8.363824,44.6464,-89.4151
399,Point,4000,8.373072,43.3347,-89.3729
204,Point,2050,8.381296,43.0544,-89.0743
1251,Point,12520,8.403452,44.7305,-90.2585
164,Point,1650,8.405423,43.0011,-89.6385
1305,Point,13060,8.415973,44.8541,-90.0035
1193,Point,11940,8.434084,44.6239,-89.2587
835,Point,8360,8.434248,44.1797,-87.5704
1101,Point,11020,8.446352,44.5239,-89.5385
516,Point,5170,8.454434,43.498,-89.401
577,Point,5780,8.457433,43.6083,-89.7668
580,Point,5810,8.480208,43.6136,-89.496
729,Point,7300,8.482304,42.9506,-89.3862
273,Point,2740,8.484795,43.155,-90.1193
716,Point,7170,8.490624,43.9239,-87.9123
1431,Point,14320,8.499764,45.0033,-89.7529
357,Point,3580,8.534043,43.2828,-89.3268
1490,Point,14910,8.537855,45.1047,-89.9546
1410,Point,14110,8.552989,44.9736,-89.7446
51,Point,520,8.569414,42.6264,-89.6348
466,Point,4670,8.579328,43.4286,-89.3629
163,Point,1640,8.583205,42.9983,-89.9918
198,Point,1990,8.59549,43.0453,-89.589
371,Point,3720,8.601407,43.3055,-89.4387
435,Point,4360,8.612446,43.3875,-89.5401
529,Point,5300,8.618304,43.52,-89.3387
1246,Point,12470,8.62077,44.7147,-90.2504
290,Point,2910,8.625181,43.175,-89.7946
416,Point,4170,8.628684,43.3603,-89.5865
1099,Point,11000,8.641522,44.5216,-89.5418
1044,Point,10450,8.657136,44.4583,-89.5168
417,Point,4180,8.658067,43.3625,-89.5735
1440,Point,14410,8.690505,45.0175,-89.7854
283,Point,2840,8.691413,43.1639,-90.0235
1186,Point,11870,8.699712,44.6161,-89.2882
1323,Point,13240,8.73398,44.8797,-90.3076
459,Point,4600,8.741346,43.4183,-89.5018
395,Point,3960,8.752922,43.3305,-89.5104
29,Point,300,8.756122,42.5667,-90.2224
473,Point,4740,8.762781,43.4386,-89.4046
1330,Point,13310,8.76344,44.8869,-89.9357
167,Point,1680,8.767748,43.0064,-89.0237
476,Point,4770,8.779841,43.4408,-89.274
546,Point,5470,8.782474,43.5505,-89.6048
1464,Point,14650,8.78919,45.0575,-89.234
1248,Point,12490,8.79132,44.7222,-90.0974
1359,Point,13600,8.80646,44.9177,-89.9693
132,Point,1330,8.811424,42.9072,-89.6507
297,Point,2980,8.828158,43.1828,-90.3773
10,Point,110,8.878231,42.5228,-90.3498
548,Point,5490,8.881068,43.5541,-89.5407
180,Point,1810,8.884971,43.0236,-89.8482
1025,Point,10260,8.887618,44.438,-89.4854
367,Point,3680,8.896714,43.3005,-89.464
1262,Point,12630,8.905838,44.7583,-90.3001
370,Point,3710,8.909844,43.3039,-89.1246
1112,Point,11130,8.935637,44.5369,-89.5257
1027,Point,10280,8.936188,44.4396,-89.5082
1293,Point,12940,8.966237,44.828,-90.151
1277,Point,12780,8.974489,44.79,-89.354
1352,Point,13530,8.974932,44.9102,-89.6146
1474,Point,14750,8.985057,45.0755,-90.0518
119,Point,1200,8.994871,42.8506,-89.3696
1443,Point,14440,8.998504,45.0219,-90.2368
525,Point,5260,9.000487,43.5136,-89.0826
373,Point,3740,9.003847,43.308,-89.6346
1313,Point,13140,9.029663,44.8652,-90.0135
542,Point,5430,9.033574,43.5397,-89.2457
1408,Point,14090,9.04204,44.9711,-89.631
1449,Point,14500,9.046101,45.0325,-90.0029
1238,Point,12390,9.047253,44.69,-90.2187
439,Point,4400,9.064981,43.3922,-89.3954
1226,Point,12270,9.072882,44.6675,-89.8421
247,Point,2480,9.077958,43.1216,-89.4875
1249,Point,12500,9.102792,44.7261,-90.2726
364,Point,3650,9.126503,43.2961,-89.3232
1321,Point,13220,9.141606,44.8764,-90.0637
474,Point,4750,9.150646,43.4394,-89.4001
1423,Point,14240,9.206781,44.9925,-89.9473
1333,Point,13340,9.22745,44.8894,-89.6721
505,Point,5060,9.262626,43.4791,-89.3646
74,Point,750,9.267733,42.7011,-89.8687
554,Point,5550,9.271369,43.5619,-89.0912
430,Point,4310,9.283259,43.3811,-89.4604
1326,Point,13270,9.284108,44.883,-89.6304
565,Point,5660,9.288086,43.5841,-89.1565
1102,Point,11030,9.290528,44.5252,-89.7929
1080,Point,10810,9.317796,44.4983,-89.4893
203,Point,2040,9.339821,43.0531,-90.0943
1261,Point,12620,9.373477,44.7572,-90.1201
366,Point,3670,9.376638,43.2989,-89.2773
1026,Point,10270,9.380682,44.4389,-89.2821
1409,Point,14100,9.39009,44.9725,-89.7532
1690,Point,16920,9.39765,45.59,-92.0066
1302,Point,13030,9.404828,44.8486,-90.2396
1692,Point,16940,9.42404,45.6138,-91.6854
211,Point,2120,9.433542,43.0672,-89.4371
1684,Point,16860,9.471585,45.5675,-91.9146
409,Point,4100,9.523578,43.3503,-89.6076
1245,Point,12460,9.579464,44.7125,-90.1599
179,Point,1800,9.586045,43.0219,-89.3668
1104,Point,11050,9.607677,44.5272,-89.8273
191,Point,1920,9.681963,43.0372,-89.2582
294,Point,2950,9.706621,43.1792,-89.2546
1332,Point,13330,9.708983,44.888,-90.2071
190,Point,1910,9.71086,43.0364,-89.2493
1347,Point,13480,9.717033,44.9052,-90.3126
1407,Point,14080,9.737432,44.9686,-89.7098
267,Point,2680,9.737463,43.1455,-89.3754
1685,Point,16870,9.803228,45.57,-91.7238
103,Point,1040,9.808933,42.7986,-89.6012
1124,Point,11250,9.864319,44.5483,-89.8029
146,Point,1470,9.871606,42.9531,-90.1282
158,Point,1590,9.971368,42.9822,-89.5368
202,Point,2030,10.002846,43.0514,-89.3321
300,Point,3010,10.019309,43.1872,-90.2876
285,Point,2860,10.033496,43.1667,-89.0684
1054,Point,10550,10.041808,44.4708,-89.5015
253,Point,2540,10.067716,43.1308,-89.3837
208,Point,2090,10.087341,43.0611,-89.4979
196,Point,1970,10.094852,43.0422,-89.2596
149,Point,1500,10.095987,42.9606,-89.2896
254,Point,2550,10.15366,43.1306,-89.4082
240,Point,2410,10.199064,43.1119,-89.6554
316,Point,3170,10.31352,43.21,-89.784
289,Point,2900,10.325275,43.1736,-89.9693
1117,Point,11180,10.377949,44.5411,-89.4779
295,Point,2960,10.438777,43.1805,-89.804
246,Point,2470,10.481007,43.12,-89.3721
307,Point,3080,10.524762,43.1961,-89.6957
1072,Point,10730,10.576685,44.4911,-89.2654
286,Point,2870,10.585217,43.1678,-89.0604
228,Point,2290,10.716373,43.0931,-89.5348
219,Point,2200,10.845888,43.0803,-89.3801
107,Point,1080,10.928543,42.8094,-89.6346
187,Point,1880,11.056659,43.0331,-89.2573
235,Point,2360,11.299476,43.1053,-89.2921
281,Point,2820,11.317562,43.1622,-89.3876
315,Point,3160,11.377205,43.2089,-89.1754
233,Point,2340,11.515911,43.1025,-89.3171
215,Point,2160,11.669986,43.075,-89.3771
209,Point,2100,11.800232,43.0631,-89.339
175,Point,1760,11.929645,43.0161,-89.4207
48,Point,490,12.462087,42.6186,-89.0037
24,Point,250,12.625749,42.5545,-88.8648
56,Point,570,12.906106,42.6442,-89.1554
34,Point,350,13.108082,42.5789,-88.9387
40,Point,410,13.274896,42.5942,-88.9376
14,Point,150,13.281879,42.532,-89.0715
4,Point,50,13.57854,42.51,-88.8621
71,Point,720,13.588924,42.6917,-88.7993
98,Point,990,13.808124,42.7794,-89.254
73,Point,740,13.843866,42.6992,-89.1387
6,Point,70,14.038298,42.5142,-88.8054
94,Point,950,14.189253,42.7683,-88.554
57,Point,580,14.190142,42.6478,-88.9907
49,Point,500,14.228411,42.6208,-88.9607
117,Point,1180,14.351825,42.8378,-89.0632
7,Point,80,14.371748,42.517,-88.9284
91,Point,920,14.393872,42.7575,-88.7121
43,Point,440,14.457218,42.6028,-89.3537
38,Point,390,14.460921,42.5892,-88.9651
58,Point,590,14.66466,42.6506,-88.9737
41,Point,420,14.776458,42.5961,-89.0068
101,Point,1020,14.867982,42.7903,-88.4182
23,Point,240,14.882079,42.5528,-88.8662
59,Point,600,15.256424,42.6531,-89.3662
35,Point,360,15.334764,42.5809,-88.509
46,Point,470,15.540259,42.6125,-88.4834
47,Point,480,15.656091,42.6156,-89.0421
39,Point,400,15.659574,42.5906,-88.474
62,Point,630,15.69609,42.6661,-88.5448
44,Point,450,15.807176,42.6064,-88.5932
61,Point,620,15.820441,42.662,-88.519
19,Point,200,15.855465,42.5436,-88.5618
97,Point,980,16.081293,42.777,-88.7001
83,Point,840,16.152104,42.7345,-88.6229
37,Point,380,16.252021,42.5856,-88.5073
65,Point,660,16.345606,42.6775,-88.7326
76,Point,770,16.515833,42.7078,-88.7287
106,Point,1070,16.839195,42.807,-88.3759
118,Point,1190,16.848982,42.8425,-88.7362
15,Point,160,17.00755,42.5331,-88.6065
108,Point,1090,17.068311,42.8122,-88.3915
